Sample_ID,Temperature,DO,pH,Turbidity,BOD,Conductivity,Ammonia,Nitrate,Hardness,COD,CO2,Alkalinity,Activity_Level,Disease_Risk,Status
1,29.4901424590337,6.61141305703797,8.059742174634401,37.78361076166638,2.8248217250256182,495.6490397775625,0.0210630930547131,1.1541922737356434,145.46025580140264,10.206107719066125,2.576240317977297,242.18855253320024,63.85918641766912,0.3627215590482621,Healthy
2,27.585207096486446,7.791299968564156,7.869853473165108,24.488142836714665,3.355481329284482,527.4547728426289,0.14675379870645977,0.6118059662146091,178.75186044243665,8.237456552796388,2.546585891616146,231.99243907395876,68.6906916626221,0.2522160764569179,Healthy
3,29.94306561430208,3.8217189114170305,7.52385214796807,21.81801116577693,2.7075800790000386,423.4953293453342,0.2003673359894027,0.8135668126999949,180.72067488177785,7.0820580510621,1.204356827369985,209.92421961798226,65.57939816425755,0.6092470109127636,Unhealthy
4,32.569089569224076,6.175563084028685,7.241225288917771,29.96625542589048,3.1920384703609597,401.02106123937995,0.47652251888082287,0.8153593705643256,198.90521383373624,17.064994560688987,2.669909808298563,117.07894587845374,69.52004181258862,0.48432121686594015,Healthy
5,27.29753987582999,4.719228917053807,7.779289325445436,28.298153774750716,1.6063853330462143,363.1879578753761,0.316786374944051,0.6494647421565405,125.32566546876694,13.929661511360694,3.732829081821745,170.9829716266738,72.85849689288811,0.4577480315425832,Healthy
6,27.29758912915246,4.915449539482365,7.6573941541687,25.46771950672725,3.7132937073729386,383.9671576016836,0.08974221170801305,0.3882603356347698,203.70269095389324,16.897026988025548,1.7257678809232049,250.50684648704078,83.37154486331384,0.58303867971219,Healthy
7,32.737638446522176,4.789127290913357,7.858077288011093,36.963874474567156,3.5012054753622244,685.927554024698,0.30832435473011643,0.8968923510853005,71.824334735889,18.452363430607566,4.048482651050593,136.92679821304984,71.78840961294297,0.6734243388884162,Unhealthy
8,30.302304187458727,4.463211076384221,7.754068720672787,39.553052085705104,2.6829113689318094,549.5743664589429,0.06432352132739613,0.781698808443385,154.80461790544757,16.32808496586267,3.4877748210843382,48.09384102495119,59.14374293230407,0.5744282004454989,Healthy
9,26.591576842195146,5.558225953533793,7.919821086127734,30.884068862918472,4.159245668432405,341.91405070335827,0.37992292646644876,0.950072140830971,160.46904630193822,18.28881588075187,2.265766678028962,186.37363953314443,86.4006784649516,0.6306693876471557,Unhealthy
10,29.627680130757895,4.502859860306755,7.285905915375773,44.77530081055262,4.437570137626558,344.2033634605144,0.19346504178185459,0.6399199080682499,205.33307304284955,14.652338568788654,2.8584703626621524,191.4945467583477,66.6290986638496,0.8026868256607351,Unhealthy
11,26.609746921562614,5.824548190935807,8.026957626253731,18.58310885866495,1.8924401356310259,488.54928493747934,0.2387636573512995,1.1662463896439144,180.90523410707476,9.065033058471277,4.5983218076410335,208.13380498488254,74.41279572895371,0.3303539346738513,Healthy
12,26.60281073928923,5.439714268661036,7.57903984187696,28.06340540720282,2.737275221433786,493.7811837902374,0.40909559770506276,0.5369678656364466,123.77747784574854,20.28907090410398,3.733547813505866,243.71111861087218,79.46536506940711,0.5157006553069534,Healthy
13,28.725886814698104,5.2132623437603085,8.330104349050107,22.83177679397195,2.7308576502127018,493.9107068253892,0.09554037176989,1.3136120852053677,140.6002749673194,12.054439336094365,3.008783654898148,238.25634873387253,76.99610418402783,0.43972093541260526,Healthy
14,22.260159266026605,4.4109236055500824,7.224324872764173,11.3346338292694,2.5600968988911355,429.60353651570415,0.08234581778644107,0.27570904705152155,187.94720038189627,10.32201850618787,2.762316683039016,215.5261883146353,85.94179547521476,0.4669719435995383,Healthy
15,22.8252465024609,4.807874403318001,8.1943855212661,29.17319314157301,4.329474841931749,439.96365919976796,0.17996808083847943,0.9304310193670674,176.83730632541776,14.110410620978008,3.0766090704516595,271.73188328520257,79.7900314339276,0.6918428831464725,Unhealthy
16,26.313137412277083,6.406469470990907,7.579164313385059,28.782524916167166,3.3061738612271965,476.23036193274856,0.374605462122318,0.9426292047579871,156.83503561457013,10.435945403517435,2.488236442057697,108.86181315120112,66.38690420302892,0.4544294375089177,Healthy
17,24.961506638996728,6.1011006251492566,7.239432798554221,45.13449743242131,3.2354851586893894,456.87144050346643,0.06767847094277893,0.5613328796177354,160.76664841952083,12.912848090052838,0.8952504942809854,230.27490886864342,96.78562173991662,0.4957374043099523,Healthy
18,28.94274199778582,4.326933706241739,7.306445666378272,36.30811684554777,1.4961376355932465,272.4559701801972,-0.08985867177326823,0.9273181813583038,207.84671988637155,16.720269607817333,5.042177910534731,237.59230180021655,76.94333463338234,0.42144684574553687,Healthy
19,25.27592777343637,5.619198766515071,7.371861076722272,19.75813175670795,4.135418030209227,431.6160295539845,0.19586093699092016,1.1838556009280476,159.2922970852314,16.741708696230635,3.1553249991994017,125.62626283518563,73.52659773378494,0.5316721188768863,Healthy
20,23.763088895994127,6.4016645480461465,7.669666378560766,48.54092566334188,2.2607416051465274,381.8874852591749,0.31620889598931046,0.13495434819378072,176.47635023883706,10.510849667871852,3.398147265122537,109.82776347905664,84.63925423055571,0.41424174557556975,Healthy
21,32.39694630676466,3.496713662654354,7.7091341952142,42.21033695525353,3.5599326302663283,464.01691351268096,0.3940314099686595,0.9508234422472445,266.7974635232217,12.561473135256277,2.9420922501230913,155.24347241146393,77.49450945930072,0.8298722243311927,Unhealthy
22,27.322671098540393,6.152032230855922,7.270519998424568,35.82097703468616,3.777376937958192,688.8207202082729,0.1944206365497521,0.052018753900976766,123.05269452464307,20.371665023851218,2.264883199275412,160.30751344908248,78.99228192939327,0.5219450965609671,Healthy
23,28.20258461406377,4.704851489264984,7.490258163095607,27.73515901150168,4.860658595838651,479.3985332379443,0.20062880714607972,0.5103005589430376,105.92629073701366,17.482000588669706,2.8140755190512294,245.20516781014584,99.92183998600687,0.7505391496919742,Unhealthy
24,23.72575544135963,6.184718402311791,8.356908143444745,20.405607632765204,2.191179600880888,424.91762510620816,0.38846808811068967,1.2887499094702837,211.34358659194427,25.375325196742708,1.4006052378056888,163.1276729785343,72.24878571744954,0.3532041686801592,Healthy
25,26.36685182642445,4.58408901214898,8.191017268040284,26.27793223928947,0.4804878441791747,523.7441201581802,0.02563099603654953,0.6254653899823839,152.85427754823587,20.90064086870764,5.277086498053304,148.61908890312776,71.82239105982605,0.2911931327173281,Healthy
26,28.3327677691296,3.3341414792025774,7.674529467869613,40.88748619704186,3.683849544753695,488.615030976737,0.20337750697803889,0.44783601067730827,167.2704988902952,20.721465342799696,1.765488001577604,163.30197579832645,76.16578512012464,0.8221512382261452,Unhealthy
27,24.54701926773309,3.546949074540205,7.51520139126728,48.84586305934609,5.300511181510854,483.6075592361473,0.27285086679100695,0.7406186813045955,148.75374487475543,8.06065724772099,1.9680337161528205,267.1179400492527,85.71515935581039,1.0,Unhealthy
28,29.127094055037016,5.557701935993658,7.548012530687305,45.43243528272189,4.738946352939437,498.5480474572537,0.3039062465542041,1.4203719014490657,169.6079943692995,18.819301758167114,2.5597407956135996,200.78260246261712,59.93465969809601,0.7357302952452087,Unhealthy
29,26.198083930243584,5.811667002065779,7.745407189092167,25.111505782137257,3.7096594152746256,614.5234851863634,0.18882319681709409,0.25049532583819223,243.94152448385364,14.734465991515446,4.288075724852377,189.24493847858528,55.34444108523495,0.5131764554166419,Healthy
30,27.124918750620168,4.414820049874709,7.090882973920638,18.803825667109887,3.0083638143679527,359.5289251739267,0.25413292140470095,0.4846070265081967,212.08513834472478,12.245090982308753,3.014508999262654,193.39967007793692,69.12884729379853,0.5675455814591208,Healthy
31,26.194880163311808,6.266310950532849,7.397049385030662,31.40886246911204,4.30712259663731,487.89056614491636,-0.04859928240955874,1.249229504953888,214.48894047547907,15.840076702662643,1.7638642039695376,277.5236200595914,58.66077040940713,0.5064346159674584,Healthy
32,33.55683455352681,3.5061759252772484,6.832566370448964,12.315606344371485,2.5264538002955312,375.8895096014769,0.1710101905199382,1.3573107030613198,123.35091776829418,19.72605767305742,4.254338360757339,155.04969640380548,70.75168652474362,0.5849105046393549,Healthy
33,27.9595083257862,5.42070424162322,7.659689249042112,33.23167714184781,3.9763577693562193,494.44101170737986,0.3044210455065361,0.7689706327129149,133.95385053788522,17.504157955021057,3.731000626785481,278.9304974564062,80.0249969612929,0.6467902663951954,Unhealthy
34,24.8268672131323,4.046780560285052,7.758878375881096,28.52397413701331,4.005470159166627,376.50507908111246,0.13212471588943847,0.42828418924200734,66.43685362058292,10.6076309932897,3.5384349572164524,212.6297779352902,66.09251136447736,0.7357237193033224,Unhealthy
35,30.467634736309567,4.717796670637409,7.30672541508025,25.339634981317577,4.56020990749888,416.61065491159326,0.2570781065907517,1.4287530505427477,147.62476715668984,18.712294567963102,3.7157342411708405,190.37483708147914,60.731734232186575,0.7187505078523359,Unhealthy
36,24.337469050086934,5.556878405579697,8.129594705316013,14.052969327332045,6.259660038911077,426.3928068609675,0.30362470009632375,1.278332717524759,218.26812745542634,11.81206228962018,5.394361900582451,350.0540298760569,75.69337161715347,0.7928951010590806,Unhealthy
37,28.626590785014265,4.467503961659257,7.009693734799064,35.136001065697165,3.892415967178767,528.0653375475767,0.2088940958970682,1.00368409632867,200.67786062993483,16.08341559482143,5.185094895036112,136.66163061208422,83.6254348461517,0.6969654884552058,Unhealthy
38,22.120989628360675,5.0385333469242095,6.914250047916072,24.672991603380886,2.9910363742925012,523.4763555153932,0.27045565251958853,0.5562792953187741,171.13946948191506,13.483249662614329,2.3132846569967045,178.77885442597963,58.050265614833876,0.5407619494306516,Healthy
39,24.015441853304708,6.7075513710573285,7.589780727423989,18.30083164289712,3.4744256878080058,350.34260988428923,0.13447209216584655,0.785291197748589,179.10798865127788,13.905668741321872,4.623884992811153,126.05412565015999,83.20232398305984,0.3582870512785268,Healthy
40,28.590583707607372,4.807729756572222,7.918839321044862,1.2773778671835068,1.7309240951108817,454.3947288799879,0.2252066464364744,0.7518919756865509,152.44457829698376,18.831214875202548,3.3831681897589005,257.1477182321702,83.17306203738326,0.3297305752708561,Healthy
41,30.215399739986232,6.50283053447817,8.173571076583148,29.724850949493636,2.805286868910942,393.2336116200662,0.32322594035070673,0.8992553913846734,188.19035529607137,9.79903140092051,3.4990958161377494,301.35133601910076,84.54085102156628,0.3963411640386024,Healthy
42,28.51410484356991,4.1443517744108584,7.316446294852424,47.72251596669744,3.090717561886896,349.31960714597324,0.2688367553162121,1.235300431439401,210.6351311792246,24.725975371384664,1.3077291683566714,300.1953668842783,87.18480214871687,0.6856098790369984,Unhealthy
43,27.65305515283528,6.1357650134983395,7.931472333372518,46.6125921454787,2.9759116020654073,432.63863596605034,0.17961624765232775,1.063825112341221,115.36452850358108,5.894569653527519,2.829614234611804,273.43692518876026,97.02013924659616,0.45851164894163815,Healthy
44,27.096688913232132,7.22988234478948,7.484596612199717,25.429037434137282,3.652354872033722,425.32137692353444,0.2769059685148952,0.47678717690457256,191.9859075134939,12.011661583725715,2.187176409663435,188.14277193224206,71.43907951380945,0.37988192977412444,Healthy
45,23.56443402889772,2.534026599847253,7.430949080023672,23.977879396382193,2.677580067617799,644.1373189076418,0.33575317487639417,1.2129489350058613,217.29739483818668,16.851059449708703,3.8280588148933092,178.08554135060922,76.09571580077858,0.7686575680798621,Unhealthy
46,25.840467374815873,4.5437256934354275,7.853463974994669,34.68774256075024,4.621030667324471,484.6367860288557,0.004007046570702638,0.8939396420039466,163.39598844146522,17.92157083217655,4.071080500402805,99.72981365035609,70.83561566751975,0.7260839954698475,Unhealthy
47,26.618083687120638,6.192486552616648,7.760929151365368,20.016145608117085,3.500207064918197,339.79059993966104,0.38908888779470774,1.006119738757675,208.02802448482333,14.497621397141474,0.9255136489836886,322.15241211090756,75.0197684475581,0.4602561607475742,Healthy
48,31.171366678656746,5.256345536748409,6.8694431372063,33.01791899819466,3.4906996788613855,404.8180796663246,0.20964943135827135,1.239962257783581,292.5861777789021,14.713046484992288,2.9779651359957295,228.13868468890806,90.32873355636312,0.5700006774732718,Healthy
49,29.030854868705383,5.9453750480455705,8.090616139890358,37.660802783846904,3.172105283487082,531.7106636343519,0.3010587919888276,0.4665259251459347,175.82628828052432,17.052750426638084,4.121861504794252,170.48258570783102,61.54985516069331,0.514060673572351,Healthy
50,22.7108795339118,4.775217775941015,8.05203654165898,42.26933223884308,3.655190683858979,617.075421829594,0.39366963083742734,0.7892523263880612,195.73228200021293,13.844652612711599,2.813321037686555,279.6834133392181,66.38950327834425,0.7189350582966371,Unhealthy
51,28.972251908184386,5.60390774496748,7.249774919396188,28.99845923520047,4.325098264667635,323.12133502096333,0.0853991563323441,0.6405636345922355,150.47771665354435,21.96590628967453,3.7290636450023644,141.63412899439996,88.77180936504561,0.5887977680422861,Healthy
52,26.84475315875105,5.313187317529505,7.6583214133749635,27.963262498230343,2.6328697842891,299.6060491888764,0.1648670797086944,0.3296421723903633,187.250046504082,19.19674557115801,3.351165467627084,224.39732205336045,85.2003650690209,0.47065189831850746,Healthy
53,25.969233999082125,6.9013384739917685,7.697612074513096,21.220174132434387,2.8418835109247436,599.6772140297426,0.21537415649491543,0.904012993281476,198.41086499929216,19.364121755028172,3.3416602319526265,189.64225194254993,71.36868353182922,0.30981610795960673,Healthy
54,29.835028866522602,5.8053050119614555,7.604269506329563,21.7311964596014,3.1962739712233352,481.1691341896723,0.1559495774650686,1.553466965475327,187.79369361080552,10.169216383147916,2.7286850219317027,238.32062839281807,83.5440200112072,0.4355360494285358,Healthy
55,31.092998567487854,5.905123194490242,7.279877938461832,27.735211080984733,2.154129076526785,380.5365814498907,0.45819238910041704,0.24797667664827427,139.21218721164573,14.603057877971485,1.7834191958642904,196.18558764883272,78.41215842492034,0.4059277633054895,Healthy
56,30.793840357348596,5.0057476406530395,7.231350652824779,33.67365506816178,2.680742140278502,492.77032688979483,0.14718734874078487,0.7903158166851589,188.25447085301803,13.497670256396482,1.8784698525749726,112.94432653332655,90.00274609000988,0.4965603463661684,Healthy
57,25.482347430332084,4.914872531113008,7.489778371603422,39.13584626233249,3.023779126455341,239.14018087864977,0.18333438646157602,0.9921628805224321,238.48783754870547,9.971993121552671,3.7093525144553174,204.53458236020228,75.74509593826772,0.5798645848049577,Healthy
58,27.072362872446355,4.980930174616455,7.969091607703746,21.96821049319655,4.374389180712727,450.2700405277729,0.27452668379235723,0.8369234604968544,197.9454305805811,16.800820919728835,3.019458255518883,262.9318485125217,85.25632113872582,0.6834362828936397,Unhealthy
59,28.99379029421069,5.973342570853956,7.717440061837773,44.92688568959522,3.762561329001925,476.22569382744683,0.10574205687086935,0.7660615842452779,218.47948756287366,12.311771211100918,2.8614877553927753,198.24701564876088,101.4201191049262,0.5592364623859212,Healthy
60,30.926635381367078,4.994818623015685,7.351754267165558,27.288763989574313,3.6935899113675443,523.9416111630264,0.20251831458924835,0.41023509096625277,170.5195211994949,18.277019149251185,2.5761099576776476,246.50690729534517,80.98099155047467,0.6190177024234074,Unhealthy
61,26.56247728646413,5.847729828275695,7.808679484259338,29.78632705651564,4.350897962167972,368.888323816597,0.288094391350021,0.8698360228820491,209.9960095769484,9.64904218552834,2.694811154519248,137.2682308595568,75.49328165794843,0.6076400301762002,Unhealthy
62,27.44302307000855,7.990480958374526,6.36058295174797,22.527883208521764,3.362628211600603,456.85497291226875,0.21005675147409864,0.5729708068952222,191.17071352866103,23.595203064209105,4.046911794488139,198.42435240380888,82.2244698522098,0.2649351179284753,Healthy
63,24.680995077981915,6.545349644118031,7.959506280148841,5.757597397270583,3.8904648499288896,375.966029915233,0.2387935769320062,0.1430234885064341,141.9635708125107,10.51833670703969,2.664755918131973,162.52937269468535,71.34719141796116,0.399147752435119,Healthy
64,24.411380127757987,5.10877176139859,6.80411448848876,38.8404539636105,3.3967782470675036,470.43070045394535,0.1864801465061955,1.1583776661541192,192.740840191955,16.09651168600218,1.6589352866984313,244.8188504062826,98.87967705524733,0.6138399417803393,Unhealthy
65,30.437577467182592,6.941456706596734,7.355023623438747,37.36843897092433,3.7653623493996284,378.3722942109581,0.06826356289830798,1.0875157459526128,140.3321334623876,18.959296551940337,3.7436517755401733,201.88949373571975,76.80071037695981,0.4203947273301325,Healthy
66,32.06872008571247,5.010309552374139,7.052132042149543,27.186724428817865,2.917241342388418,417.35193286718237,0.2885911853607086,0.815498293055324,154.68478900460832,12.146797848999435,2.795123336135283,241.40442058019676,72.27066679774487,0.5484654314884306,Healthy
67,27.783969635258998,3.0542505577865753,6.982127409711637,30.66990717224872,1.061182841723571,370.3347684167817,0.460591968597669,0.8687224064617108,187.57313229169498,19.262343217164755,3.0313958655327764,265.262625569472,66.64310994979964,0.6133459354061179,Unhealthy
68,31.010598693676073,4.290296426899115,7.964330714951408,35.15939217704099,3.365720837813696,502.0908993458926,0.2522081956940126,1.1222954038146684,191.88977093520495,8.854082010997919,4.60757830639951,241.4971145072833,85.97220191606438,0.6779843794397611,Unhealthy
69,29.084908075142902,3.255049694768973,7.312919519475243,14.374541431134574,4.9227481360999406,518.6760893325333,0.27703169406970596,0.8673018970334249,132.43070139691483,22.260588495912803,2.979439442649493,216.38710605761867,83.67187412827738,0.8807332593731143,Unhealthy
70,26.06464073618463,5.078183819150429,7.638601552692286,24.709473226537053,4.426215402241592,431.2303544034069,0.33312673061402315,1.0712052664283944,222.15943084731504,15.070746324828791,3.289183673118725,140.1072644893157,70.02645628585907,0.7018568287805501,Unhealthy
71,29.084186816525243,5.522102055027462,7.4812317684483265,37.94264679621827,4.465397484591171,453.0590395968023,0.0976803404143961,0.710755339737845,202.8802511320189,12.017942960155601,1.8210765087016747,199.83283335998593,80.76451345122423,0.6431075068119944,Unhealthy
72,32.61410969939791,7.5117247747303395,7.690816330889248,17.457105768307507,4.736130721806218,334.1126868293165,0.4543017589755527,1.193595121572184,151.81086257556464,13.504091137862828,2.78033054764904,168.01457587905003,59.91444031787144,0.4589995202420897,Healthy
73,27.892521882670145,5.892312848516995,7.530728756424102,32.935579321666296,3.5886575909614375,426.02586815945705,0.27427945557073624,0.8962357177798053,118.49660814203298,19.044596346963598,3.609526045208601,179.3561625977464,76.84970575073156,0.5582444812573717,Healthy
74,32.69393096744202,5.237079365429363,6.986803110324572,16.43418195376595,3.6973157074055956,445.9836306366604,0.44582282789069305,0.8582155830817623,174.20381683674276,12.077723540747808,1.4446262661587577,177.52795095498496,79.52756352076695,0.5883627623318028,Healthy
75,20.140764687730766,6.495286697420187,7.898506727778856,34.66429982433527,2.88234810456565,659.663447282398,0.16203604053712128,0.4189816733863904,162.16225144555358,11.253211552886112,3.2008450931157095,141.20446551306532,92.07329809559224,0.38765621617191737,Healthy
76,30.465707513125672,2.8466376291905378,7.302497366735475,29.643585177025166,3.18392714397295,361.04263793806695,0.46816743070693895,0.8860867562905127,184.52561828212092,13.892317012081309,3.1007910726448062,82.55968465196061,67.2918119727131,0.8455466547533059,Unhealthy
77,28.261141204714512,5.782737469730279,6.877367240536099,13.848681840944906,4.115771149771142,567.134179100195,0.34301865928417397,0.5504135247516647,165.47533355377735,9.11518943615016,3.0412874555874394,159.911417100334,62.21647371197676,0.5442666521282712,Healthy
78,27.102977948602398,6.4250382326643605,7.328753935613635,41.64739354457171,4.703884437168816,529.7487018772647,0.31636481030228303,0.6085151820414518,99.70172557019961,24.102719539709078,4.037158898658243,211.60276711544955,66.04572039074958,0.6236427111404099,Unhealthy
79,28.275282329606508,3.72569650506419,8.100303916253724,22.654084232019507,3.3605537243190007,472.4509123592109,0.27808293452237776,0.5553873115051637,164.46612246795365,12.168027043926383,3.3344385148485216,119.10937727435059,61.634314996850804,0.7023368866878942,Unhealthy
80,22.037293256197323,6.872504851848315,7.840088696845397,21.89747562985619,3.0498107351485886,590.6896387356107,0.22017656583106607,0.48012952043023255,167.77523555726748,19.158083930902016,4.478071898356444,200.94093418829746,88.36657357758983,0.31489890645325785,Healthy
81,27.340984336487463,5.9061956889932965,7.360539146236857,32.00569197230943,3.500527958856597,479.76843780854904,0.3940637990168647,1.4374314209050885,205.34644099096235,16.047350418238864,2.006410484405964,314.0161054586579,90.48639295024037,0.5443360583789475,Healthy
82,29.07133771453524,5.001654503319038,7.3602969182726286,41.48637349428715,4.101206748929115,481.1327356534343,0.26684318438176563,1.199401718596521,152.072013015558,10.07732974759016,3.135924567218348,261.38339331513436,78.20216577948828,0.7093749335558204,Unhealthy
83,32.43368213422455,6.259338239327541,7.371345979513047,19.84178181021603,2.056145183866458,445.7503477585964,0.013951635569541737,1.3761102506432783,247.14698693490266,14.970226453936354,3.0844667863899473,298.61249054723174,87.21294945685148,0.24265696103674528,Healthy
84,26.44518934517906,8.224831429365274,8.330699193424337,30.616798498479717,1.2038190468627619,547.8855105934902,0.11593762459515972,0.4331314941333309,103.53437797392972,18.92001389655374,1.93074550624492,223.46767261596358,76.33958380580235,0.0,Healthy
85,25.574519191320437,5.718239506070194,7.652774180892622,34.28816500330573,2.9494631505084166,537.7175387048707,0.22769850973687034,0.8213761249732678,232.44669991210498,14.058693324568468,3.956295002091346,270.05058937918676,74.04888352299234,0.5003743056887835,Healthy
86,26.49472886924639,5.797864703560403,7.672016658876428,36.93105607263144,2.279287574085841,399.945817000303,0.2871998779798666,0.4119477124387713,171.02724116487582,20.96556472925514,5.3246733058528175,156.56211617193276,71.66962380946238,0.4299042663128242,Healthy
87,30.746206353106224,4.948766920551707,7.912113381612737,31.764415552772252,2.991859802352689,344.4602244320986,0.2432093813320125,0.5912915368408809,214.38339489374226,20.10757696390932,2.982993925516169,161.33958397868093,71.89609008622435,0.5760089171966128,Healthy
88,28.986253328979053,4.48018675664225,7.595515663610605,26.329721609166775,3.3522196811825284,433.76154900834746,0.3962764947752396,0.5245619049750276,183.1920593623493,19.59457427329165,3.505021088273767,35.651587631751624,59.52198443690969,0.6559562437027369,Unhealthy
89,26.410719388698883,6.4964029798530945,7.396383141671719,21.724097793512804,3.0467515909769864,385.9969148481883,0.01586777631536504,1.1718752019324685,225.58222144101876,12.701716138635016,3.0845184758153272,271.16872844253794,77.64254763607339,0.319987541040123,Healthy
90,29.539802299340067,4.472699408909359,7.421460060366009,30.861438830463747,4.952467534470745,444.9180340307716,0.2672305523806192,0.6811310965694721,164.50552141788756,9.600787761092565,2.286415330092824,292.4194387891932,74.59666089785956,0.8142234589552674,Unhealthy
91,28.291232648044122,5.585879484663271,7.471359496234374,19.278609880143932,3.82674476460232,548.9950507747311,0.03184249295354144,1.120513800108205,136.05518299288752,11.932061973186027,1.1792397221979838,166.80936527916379,82.45360724077875,0.4939172455889804,Healthy
92,30.90593497159867,4.92681106388186,7.485111105396063,0.7864951650539282,3.8004743596108286,413.4158675930568,0.3411654754581002,0.9812362668765554,236.82017149084254,15.981204703333603,2.2942265169046347,184.7628976161659,75.9352349643861,0.5488090547386918,Healthy
93,25.893840718367944,6.0747757908956705,7.791051817454792,34.365598041576675,4.122207144043402,446.57412949507403,0.23866495426695966,1.4910916256314368,175.46077416471437,17.728933567661777,1.6080416190482687,154.7682731785423,73.37296298430908,0.5847512742073357,Healthy
94,27.017013560206696,5.900394526344338,7.520778354322919,39.039348410861955,2.361166882219231,454.6418187846716,0.30035319664289417,0.35616673305808283,188.86233894496843,4.142142976197762,4.704102078059118,222.9592130886495,66.2880696999237,0.43024570299482995,Healthy
95,26.823675540603528,6.745047933109479,7.793056030886231,6.370675644581617,4.539111787420269,517.8744705764227,0.14633404472922806,1.1777699719360397,229.3900765617918,14.959433991941248,2.884890306076761,267.4959527181944,75.72153236821761,0.4113486299958788,Healthy
96,23.609455155603644,4.887980321374304,7.467713367956567,19.902692952900622,3.4242357134645403,270.2488532812316,0.4035357917989301,1.1439322611202183,138.7217903162226,15.790446126615922,2.6540806709528293,95.43368156713754,82.38237230816162,0.6175846348374249,Unhealthy
97,28.88836083119373,5.1761500776479545,7.531454076126436,36.191542610051975,4.170480617241212,401.46397641877627,0.37500695968706216,0.5079863485918896,203.8196359055703,13.612278718422242,3.889153824787806,224.56631183853514,63.566610089161394,0.6950803382580168,Unhealthy
98,28.783165816539668,4.325483541061232,6.700719726187157,50.574954697116986,2.4281427669598443,466.9026953823578,0.3200253163614265,1.102140000941948,156.40420974148435,21.456369195079397,1.878248897144112,183.39969369685127,75.87473753680739,0.6408305743547872,Unhealthy
99,28.015340369927383,4.966848087908666,7.866531069880993,30.207937076754078,1.9462412339839357,546.0063165141489,0.2344579303763871,0.9008434889078687,174.71322577422512,17.108900371254354,2.2331359619954476,206.80366351800137,77.33042951529484,0.4280186396897215,Healthy
100,27.29623859987456,5.952760591653822,7.638595390359197,22.719970587708655,4.317889658025028,410.6478041995036,0.31958287423541587,0.7317571220139777,182.89115861537155,21.550959540404484,3.068072269248621,227.53964010045746,67.81935216381736,0.596818945198206,Healthy
101,23.753887773848756,6.408386339974422,7.899204043943861,28.171035588951597,3.8764095260975164,299.8757835166501,0.16517289184151812,0.5528193539084002,119.99112554212256,13.920197398248838,4.0287689914234805,188.70785367363072,69.12143695092,0.461610613579791,Healthy
102,26.738064031703924,4.3934016109868494,6.341497848722524,43.74876419148185,2.5979484456424897,499.5769156772909,0.35266667908248545,0.5842671645652443,148.84651828718262,19.687387462534623,3.501685045168788,193.78478879565316,77.30610848766214,0.641468074442181,Unhealthy
103,26.971856450419693,6.543527104126792,8.335349881912292,23.540358208754647,2.6303369187253054,399.17100889394965,0.4479377073188705,1.4149436287357777,234.04291569652557,23.175331972637597,3.248325142515882,187.16748994672167,63.66578981707377,0.38522561400729116,Healthy
104,25.593168192335142,7.126765430565941,7.44416414873793,22.008079933497463,4.62543478441477,354.8266672727711,0.37847326719750235,0.8002048456872448,215.44764754339184,21.558467246363307,3.0781177352360163,258.2189721072969,78.49923715249392,0.5046949054106215,Healthy
105,27.516142865001974,5.996121883868441,7.943273126695007,25.172564778179677,2.310588107132672,400.05236882294207,0.16244770362311087,1.0346390004594377,177.4944169069106,9.539292032856334,3.400235855526775,225.1255976076498,66.046456263408,0.3458891777776124,Healthy
106,29.212152570443614,7.752154975069679,7.084037629149788,20.466713917412875,5.142672953255963,435.237971387532,0.2933700780727723,0.5627301854997341,189.72493834051573,13.731619612288096,3.201652905129255,213.23501226424165,85.62853693033216,0.4494738350407833,Healthy
107,33.65855770363159,4.571452961075712,7.745109562025028,31.226703159947956,2.5993792653521313,401.620426836943,0.09482301474896226,0.5660441161335084,168.2302997745417,13.274176472751018,1.9700277252230642,123.74289673446303,98.378277453883,0.5195780559450293,Healthy
108,28.523733438495515,4.0064143560262995,7.0786337747305375,46.246784584695604,4.138391925608383,273.55471543207443,0.31868683734108105,1.1245954427749827,234.26333543311927,17.44627267538164,3.046079221633151,177.28521540721076,66.3924319829818,0.8406921724601815,Unhealthy
109,28.772651172168292,3.3655357013148657,7.250492415721678,33.23079273116029,3.1713815242510153,521.7652957509706,0.3040724095435047,0.3951271365345404,171.98589688823344,18.431767775072665,1.9263113410822474,253.92014962035046,80.34207862374674,0.7503617170630343,Unhealthy
110,27.7766622527015,7.295253173787019,8.265612541546714,27.476464978737123,4.103187431082343,551.9900033022977,0.025622039256140317,0.6754358696284186,189.27368368539393,10.80553662987132,3.0810825429008237,202.26179438743537,67.73258095117981,0.37878444455371313,Healthy
111,22.243686354102877,6.285238787624869,7.423727039694661,27.081887310844557,2.955885997885807,502.12175930716046,0.11058593873051636,0.8102082233216696,225.84120576568262,15.339192569584688,2.5193520585117586,239.5718881753483,85.40954173797789,0.38564298861841456,Healthy
112,27.920458373652348,5.433298394907454,7.5869731492718895,14.36809191303343,3.337207093927706,358.98514636601465,0.21602333239074795,0.8334117805520158,148.90514060616374,4.900363339219318,5.539381622782861,305.99070801965803,62.34741590914785,0.49244524375242077,Healthy
113,28.18069062982308,5.835962351583785,7.848027092275502,38.83109777147159,3.540919175395721,433.88067728419855,0.21389683034310086,0.7462720144951531,242.35156737987575,22.209725029009448,2.960105616248288,262.316364152529,79.80586758427712,0.5325167978809836,Healthy
114,35.389726337455855,4.149413143241948,7.698272755189042,29.22162802987198,2.4978125442185273,449.47829478164334,0.10486276774974337,0.9187459343287769,118.78154361026492,12.438128796616532,1.5957604337384113,205.58950026198454,66.27011033110648,0.578087377407007,Healthy
115,27.422917105656634,8.434902375540192,7.560167562057431,28.195200864093742,4.240824345420126,497.90355116495283,0.29667744752226205,1.0078567267453435,245.18568524451194,15.279319699222485,2.8658197893230755,169.34064978825637,72.93015410901631,0.3401216282840264,Healthy
116,28.904642027000836,5.655065418370273,7.645984400986491,61.93107567844861,2.986786433528415,503.46723909744645,0.28017683307286145,1.020391263637799,165.092976641921,13.451751430059694,3.519358745637888,46.78702423664612,64.68974724852693,0.5989124859265633,Healthy
117,27.89586469088427,5.631273753525871,8.46136623409531,32.98752908365686,3.2714000846599816,391.2660960977203,0.2266877041625777,0.504258857399652,170.29205008698872,20.730137875067076,4.673363946152524,189.89690465162886,83.22350470895753,0.532265915559166,Healthy
118,24.493965887141403,6.370919948678431,7.476952481186566,22.482089499048158,2.5056506253914876,456.55964451308483,0.15930501998099644,0.7147534706213609,104.39959315268229,0.8124677930131057,2.4105476000612818,180.43925025098906,66.63019645560414,0.34250738361882194,Healthy
119,31.42846844354506,6.077211078084056,7.580439618685987,25.736424037944566,0.9376663412046895,486.5824323692193,0.3758448551699876,1.1584288585630813,161.8082113048923,14.916948288370454,1.41757202597636,223.42197166372253,80.51964259331828,0.22911296269787712,Healthy
120,30.255799098060322,5.768660829134958,7.920261758403045,41.48445709196755,3.308972237399831,566.4657857717414,0.4486488535705954,1.0683941562721617,138.40773875892464,14.47090621251151,3.816837011430981,190.76568638151875,71.55901971737667,0.5827789182266979,Healthy
121,30.373095841129143,4.5514306534656255,7.942210373183194,31.132704105377645,5.912615421612916,506.36052318597785,0.19197262193841555,0.3881421645556809,155.6941461850611,12.731818062041587,1.6194012941003488,180.77689643379233,73.85527628201137,0.8626301312726887,Unhealthy
122,25.271837635615782,6.065762028563195,7.974812122224152,15.617220216826333,4.2846042878980235,513.1245349900415,0.17653996994142152,0.9054439701056606,174.5075613684448,23.631132728178162,2.563844558492515,93.23606416956676,76.47755907400129,0.5128822959801065,Healthy
123,32.2083829328083,7.75842939577004,7.755492088811674,39.19228934575204,3.4807396202656053,456.70613023434885,0.30894491984943956,0.206532425187557,218.31166457891624,10.563352705721144,2.7423795144890057,143.60193025099602,67.38175328341151,0.36734983127214055,Healthy
124,23.794446811623157,7.114504055385973,7.042798034907807,23.31855914461006,3.237109170791732,562.8367316162803,0.20703647443036166,0.814080470618111,188.30413405602502,18.858980886178305,2.930366546699892,228.59906244803346,77.10367113540887,0.3293420016416933,Healthy
125,29.76057128140081,7.411823951967277,8.153372612920439,48.73297776217545,3.5224658928120465,482.7810236767598,0.2332723359204119,1.3693301050237932,192.30706613604457,16.78126394353042,3.6891644570743356,302.95445786796165,90.3033456435441,0.41349856063417895,Healthy
126,34.57136687742994,4.886541188282578,7.041461842792525,40.80048065714649,4.04711911517521,381.11296718611436,0.33875837820696053,0.5156321848193042,136.1792244461775,21.307596262677578,2.3163657177136123,194.14847697526258,67.21905214167286,0.7045399533352334,Unhealthy
127,25.028391024607934,4.3124742156897025,7.621054186095614,25.526781043412488,2.319187184691155,562.2695976100152,0.020877269499124884,0.5497030863525254,144.76983641589078,11.664054576112473,2.7262707478332393,219.6686644144474,86.71810143273845,0.4950502106368207,Healthy
128,26.301106811191683,5.3490556958804225,7.198289659992257,42.81016361735113,4.614321694668872,505.8322618031222,0.4081962789823203,1.0292089344718578,251.94900073405248,11.335155504381206,2.9857296470506114,257.1486894171683,89.98097633487784,0.7718808124219475,Unhealthy
129,28.298954095262925,5.566869894746434,7.474344661362803,30.678555105274032,4.215381315441244,414.5564783097214,0.258721662919521,0.3371595454371063,150.59195860947014,20.480349537386992,3.1495979575187882,151.34636382798502,66.83845010971956,0.6165562310257593,Unhealthy
130,26.489573037651404,6.813029822165138,7.631504964121392,38.52773675122219,4.218185725707935,411.6405626080605,0.2006208226525384,0.6101734910344884,246.24833008229183,17.126606541650553,3.0978271747079225,222.00884259712655,60.449453949094476,0.5152151222801629,Healthy
131,23.3480097068016,3.4690424443422168,7.628542886180109,34.84732817294475,3.938475738809727,473.72604361126093,0.23929190149342613,0.9789323412745259,170.27755204476534,7.275313266616207,3.4360057752225797,155.5705936200705,78.01960900171764,0.8022963699397064,Unhealthy
132,28.205688924418084,7.3354603833527365,7.668768301694114,21.536433450091266,3.51961665769399,487.0547836214068,0.24549152260246224,0.6097142456931791,180.09151744574015,12.303474927683649,3.8438395096417373,251.8894663094607,69.52592477233127,0.34245209517604064,Healthy
133,24.813088858821686,5.310390521705212,8.14548450762346,23.56450167682538,4.17286123596682,465.7833812504965,0.04225584358660897,0.7292090038367085,222.81460640919718,16.931913269240304,3.392634115650968,209.08418287710396,93.68603219163002,0.5721059639482129,Healthy
134,29.420777291905544,4.987742716063096,7.681413720605592,40.29960817581161,4.091814133741378,474.9046938754308,0.42939258729438834,1.0232557130945104,230.87569687754626,19.188821107732945,3.4535855235092185,217.9071088388864,75.34807540499833,0.7286602621691743,Unhealthy
135,25.241727297298592,4.285474749687799,7.4023373458837405,26.652246678934592,3.1459592890589763,585.9965899661104,0.25495907587247424,0.9264638250609685,175.5674975888365,11.603846734035224,1.4177768332535223,153.04408415488467,66.97800591964821,0.6219862126173625,Unhealthy
136,32.649803215052614,3.514171993761077,7.885634867315343,25.963515367580033,2.926398227103099,535.7234521787909,0.30316025565368504,0.8800455188886206,164.47027785913843,0.4287200509152953,3.0502276991656805,242.4219415766471,63.528404889882886,0.6894099268679436,Unhealthy
137,25.65024012299129,6.487804700754298,7.975788195569856,20.44877420650647,3.6018562952619866,465.25084730120193,0.3641859724688851,0.6982633162189884,177.76318205911147,17.616115928685165,3.4795075480016084,325.082775273861,85.8990495909083,0.45690802244207984,Healthy
138,27.033815451382974,5.587981560626084,7.008956873945203,34.235990655934614,5.049020151495188,525.3048464613987,0.12746050509276396,0.9110183345806866,193.51830112928474,8.898396550280122,3.7289411945704503,139.52529827430763,69.28816025915813,0.6773186796273559,Unhealthy
139,30.440551652109008,3.9520469203107353,7.738960027939943,50.625249192431454,2.2608929243460993,367.39808771779684,0.3068166278842274,0.7628801959700731,215.6521474747902,4.913306009387943,2.307649225766206,179.61445954114856,75.43828799460428,0.6614609174516858,Unhealthy
140,24.307407050698135,3.945905473523661,7.780469096924359,19.32467085745727,2.03247473424756,481.8341639957447,0.21788306909214478,0.9373416829777355,180.16919435976607,0.8383703750792968,2.340960725111355,213.8964484500855,84.55802745112481,0.5180351317207474,Healthy
141,28.68237980381239,5.097058360851846,7.380974598656003,30.24219456672758,3.6647608412365167,594.7445079786488,0.35161249302597924,0.6509203924646065,204.75545192092613,19.069904300988707,2.4258993247164016,247.18437271974898,70.1574164806917,0.6205928522057991,Unhealthy
142,31.921428262847286,7.5028258303472715,8.050282725324648,44.12220555415429,3.550887701856018,432.5563283686101,-0.00526729044217944,0.7452293076861377,245.53438929083762,15.643087252024833,3.5364138998913432,166.42722288263187,74.5407117125984,0.3678372643536573,Healthy
143,23.17755029631632,5.188490378363674,7.439977765186989,29.20358608754285,3.673341664370408,382.1892857104732,0.23810868397104773,0.5030126622343959,195.2523844905914,13.871718096438741,4.033881054924208,30.01818259143559,74.8343159017748,0.5880021797622195,Healthy
144,28.553901575596914,3.6962284562582726,7.550230581388617,34.52371796249734,3.7439531979085,397.8328889125552,0.1776615213059246,0.7894977169981293,192.46611424019113,21.94512181481381,2.5925398927083982,281.5513696498415,81.83324511516092,0.7548366915843371,Unhealthy
145,28.779648382745272,5.205108323096867,7.430771270286452,19.376064718531204,3.276797745365195,362.82935701260897,0.30187155407609867,0.5566997409113466,119.24356699639729,18.186623415115363,3.907962313627049,245.63036717504855,80.90744335510325,0.5242620916018436,Healthy
146,30.34546861533193,5.1727317163027955,7.506231619032587,34.28307097207649,4.989863438602082,387.21904734978375,0.30640530248418424,0.46578606495140207,74.77079452683746,23.081500213609583,3.123479809164594,95.42314817080009,72.79886268745172,0.7818999033327219,Unhealthy
147,24.289147867365756,2.263736028470114,7.061489965241919,28.128557349954512,1.8990960215234844,420.3593521127977,0.16508489262135687,0.8775983443566164,195.53502916920672,8.036322639165018,2.875714222837564,163.54587249322665,75.63649061496518,0.7010029952122082,Unhealthy
148,24.03863016074717,5.434846160178625,6.923979646962282,39.85729995679863,2.671502975219754,337.55463846570865,0.1645391362988748,0.8638219327572981,176.2070307487651,14.827246880230183,2.788615770182031,294.09094577163955,71.28220988476511,0.4811896989936263,Healthy
149,29.565824696850694,5.222878563749586,8.13780202528999,41.87386051564751,3.3967452398509526,451.24946671596825,0.23672015577312047,1.0348621204845718,159.40869300341032,6.916433125259928,3.746611364602157,286.86778510747195,60.223875930805555,0.61902699067015,Unhealthy
150,28.890954019699556,6.335447637776102,7.161215460672669,55.895636420186136,1.8568111888458327,522.1821739029318,0.14240293272217502,0.6706623291274704,189.74120816745378,13.853088340722664,3.32557781678707,256.3184013607367,77.5760085739813,0.3679893733767086,Healthy
151,28.75147855103763,7.718747313934414,7.103443060217477,35.796331732135755,3.324145595567929,377.3795055882464,0.3510380434542552,0.9224158540510268,177.58385083212366,13.756920731166613,5.2758254276476375,189.43325396240823,93.92191760833067,0.3513829228774149,Healthy
152,29.039344628490927,6.851878035457309,6.638643954558514,33.257963165821664,5.161470165728018,571.5427138913415,0.20569513594630645,0.965239271682099,225.11121002535594,18.133068186315356,2.1477753570026756,204.9792451287506,66.16280859308937,0.58249728546218,Healthy
153,25.959925835264528,5.177333571334203,7.244415300924199,31.94384301577336,3.520886488295962,490.86336708220756,-0.09883858631859693,0.9334321423494785,183.44443473035912,15.227819405709491,3.5181017020299756,192.1444516924324,67.26970290397297,0.5153238662065756,Healthy
154,28.696761091483012,4.172168909509995,6.970764082637,26.468337071893117,3.7307009057186833,532.4464468499245,0.20502135320538328,0.5523038951593574,150.1230685971933,18.11703569139958,2.470798990188487,267.6943869961302,66.29272228356258,0.6934840182605598,Unhealthy
155,28.879217419896044,8.588031763899831,8.156806064054548,33.38483843461691,2.23983523482742,397.37323569182905,0.12537474149872332,0.8448090446813568,219.60664955837154,18.51720066569447,2.130713013011356,147.4494556102934,82.24591778723122,0.09003197869685209,Healthy
156,25.856945745920896,5.571062120817386,7.903926835737054,27.045985898609707,2.8836385919605227,518.3620181653292,0.054246902144686554,0.9092420888163985,171.3147570021519,25.77464338691571,2.989132862965028,151.65202070694772,79.4848545419644,0.45099814935644816,Healthy
157,33.59732353343427,5.516715150295536,7.22473986192891,31.684609762696144,3.124803619676063,362.645287968375,0.1015088034132913,0.8021535400723826,201.0614673468923,13.423516723569378,3.137352479407036,260.61647521016096,73.41462307583544,0.4750447153050461,Healthy
158,29.42149876273536,5.4710498954679965,8.400974322137724,43.1759753560796,3.182284903243766,521.2198000669207,0.2631290166199564,0.17405670248867466,160.90357175228797,10.294886496668106,5.9181735550600925,197.3383126693063,65.81980938361035,0.5860804995362023,Healthy
159,24.426089508392053,5.737701712921426,7.892706194796638,19.934574347203586,4.7816437950037685,463.7471471834825,0.4094368993897877,0.8481468871920441,154.00692458010255,16.230418076582044,2.815854184316798,282.7080413272285,75.92376791639924,0.6559491262125797,Unhealthy
160,29.96966082590149,5.326767505691269,7.370067446596551,41.39878561129045,4.057691060725125,494.2600975987827,0.2875821368637976,1.4637593118191727,183.36672920742785,10.988599864302284,1.8698212705153165,159.70926758116727,59.353778726641956,0.6763013009941501,Unhealthy
161,25.075954989318035,4.811605591743716,6.500237714050571,43.17115067339866,2.388542043062968,355.95243155001185,0.17721959341411125,0.6919882193729052,180.5131457417474,22.40980384218268,3.273010717494386,196.7132983796705,76.43426566857494,0.5477185550892998,Healthy
162,30.361253811227357,4.84376927051153,8.416377029036298,28.81931473008921,3.746504778432005,378.39441261787164,0.30470850342048433,0.5815768706434037,199.19308141467332,13.583909805273837,0.9253599624536317,144.6552209093628,83.71524386087934,0.6451103409852078,Unhealthy
163,31.47578673702221,5.460696075740802,6.944171013294562,8.781451009914054,3.998221748496785,497.77825746027077,0.194909162773721,0.9120045679134194,169.2541698676103,12.172118160630049,2.908043217395734,200.44176088541403,62.48800863366322,0.5327186423274721,Healthy
164,25.537953044944867,4.847890274639482,6.841840501217243,23.921780129055676,4.640149038521266,374.13215966206394,0.16664795570042265,0.8937134631399716,106.5456086491841,12.64342139424441,3.0160252822951605,111.28718378007207,59.674817231703365,0.6698057798024344,Unhealthy
165,30.890128387732965,4.644585060787403,7.909028172803856,42.96994546561109,5.080540686568374,487.05650336792985,0.11147647981204187,1.1578205496249243,162.68904465646446,18.592087117358204,3.7946003829452115,170.74199474270222,90.7943789169486,0.8090667271240328,Unhealthy
166,29.238342780809496,5.627716273230276,8.47590096253571,29.771319377011178,2.4849058081721314,340.62897548318034,0.03978054318979371,0.4226395532273337,211.75273868575263,14.211265083842573,3.973622249427847,113.82476810431294,68.88240360495415,0.3829942356246643,Healthy
167,30.46618047998347,5.194027339094974,8.053709127404208,20.00697767705089,2.6891424887896616,517.8539370133335,0.20320915521286656,1.0194140757724979,168.10495683027574,11.79166589934809,2.4964303810922823,241.6353939914755,86.35947845943822,0.4447640643072409,Healthy
168,33.69037894796184,7.304791586299226,7.725563648020944,24.952250787717826,2.2424221410853837,351.3981348185193,0.26896641879041583,0.977126618375439,170.14466389941808,23.326759588117653,2.849385985370067,242.9953603855791,73.46002334802168,0.2250031102206961,Healthy
169,27.26383565199139,2.318836229928386,7.737901736666115,38.40620026504553,3.2659801408930185,494.18399501436187,0.23840515959821323,0.7573560389178362,219.4550602362375,10.719150796691249,2.233879169389329,96.1842361709393,73.38045183058672,0.8827690047121038,Unhealthy
170,25.73879150692753,6.809808222306954,7.841366223512123,35.4673356820138,3.9663583744463344,500.05047469168005,0.20008396864631697,0.901606195376507,151.5210709096431,15.177830370164967,1.871937445192306,280.03314473003434,79.38412699496645,0.4820633406252463,Healthy
171,25.33145671112343,6.995302230997154,7.803571435914706,27.610679008303055,4.487334516589102,394.258254525634,0.13651047271638628,1.1088372444795072,118.28787127028401,18.26153075805115,3.3098947793806346,349.8449075851912,66.1600114325356,0.4719036867880851,Healthy
172,25.552569145103686,3.0119317211102206,7.61247656958775,26.331755881853123,3.424048976357477,496.56212536677816,0.32298954300219623,1.0616946140085353,173.57475521898021,6.843324447914634,1.7264144514034008,202.76038320418047,76.32497143495645,0.7937873796883286,Unhealthy
173,27.76869487175769,5.088774887103582,7.54168044158075,26.08241850956178,3.180152476745156,470.8353810666845,0.0919441696064098,0.45709420637788145,160.6330419500505,17.401302507029627,2.585373099428137,161.53314438652131,71.18510585175908,0.51999486316609,Healthy
174,29.02345592444993,5.0542709608050504,7.474962748840191,20.775898155014975,3.6517579922487404,406.89265150458095,0.34312334966121705,1.0460474560266453,141.35014720986985,9.724461622597753,2.0048260401007627,369.4598354601828,61.795065565949685,0.6022150833112649,Unhealthy
175,28.830072397990058,3.8109859663386145,7.19841416445333,46.15375689469442,2.664857098369977,369.3156252739034,0.12973395772879304,0.7805934184902446,172.98486176405237,19.113913904170012,3.5496831862902596,120.86189010184935,78.374820747264,0.6793010925272109,Unhealthy
176,30.481549747108073,4.5666199748909495,7.38772996925329,26.7767953078866,5.589538721694773,292.98994466619365,0.15970777151763582,0.8218622294046547,199.66022588987136,10.186744940405118,4.801430099266488,201.2063880121459,72.36692193122084,0.8389498970205924,Unhealthy
177,28.03900567563372,4.1673089854410055,6.822817274321846,42.17158520825497,1.8923389728819413,477.9720037839755,0.07398577712611876,0.8219590973005084,179.62845753728737,18.463845159244304,1.6984120171966688,210.7773363579154,73.42975171555292,0.5302009114456123,Healthy
178,32.36060223147195,7.602724532108347,7.4606641492821,45.213160519224516,3.6847405788957244,324.8157782910356,0.1898317423737236,0.754927103360522,192.27924290744951,20.529165331473564,1.146981517102431,280.7088572271449,62.89839056585842,0.3873071926029741,Healthy
179,27.20602950028613,6.622814071776953,7.104563557139633,39.9831089814796,5.52360621922964,457.62753595530467,0.36703749501735744,1.1575122491321195,252.53630794061692,19.307182628164025,2.8751131146499325,221.5843385076073,90.91400367762805,0.6952884593345598,Unhealthy
180,36.160507499768855,7.025866113992991,7.058564273113691,25.683796872819517,3.506799844559998,428.92414271342005,0.31187537061327475,0.7748846120452364,166.28484553769744,16.256583241190512,3.015697795957758,170.08196625269292,83.76714186386116,0.3900345039539852,Healthy
181,29.87700204329502,6.366006476851882,7.571957660461392,34.037300903366095,3.3099609649985053,504.33142203505565,0.3674106534433642,0.46413616148504944,191.13394538578677,13.843495285351503,3.2186593067572975,142.92893777672265,84.64155884171979,0.4792718271574139,Healthy
182,25.42852733075115,4.145137874539325,8.05680091453784,29.75804393609084,3.1425545771895727,425.83636004081086,0.31265710551207226,0.6819410432090814,159.63146549603462,12.11790211832578,2.553679484765655,179.49069078523186,71.94555297558318,0.6687135106078663,Unhealthy
183,24.78732250581666,4.870575680464271,7.867326642400926,20.96298139269872,3.3196083182375924,423.64417709223267,0.11755962057635569,0.8536084150431428,146.1456112045211,22.35517345408552,2.7993607011745683,139.58435834329134,57.7081711049658,0.5477904337970303,Healthy
184,29.447417245729557,6.087249473473502,6.871799758550729,33.24359281721603,4.87284847467653,508.54965634306365,0.21030529308069312,1.1687644352891151,156.6036938632892,11.502523899161783,3.367510410540602,202.86951918708098,94.52917382489511,0.634866930535768,Unhealthy
185,27.329611644022446,4.033446629329665,7.104148745371865,18.209602088401976,1.2881380886704932,476.8046423267294,0.15637610450590447,0.9809284054846501,160.84965713913246,9.81466963215002,4.040430892644839,166.14822920837082,74.38902491994132,0.4175608269318803,Healthy
186,30.142001482276275,6.355598116206866,7.8763084751952865,41.87679388461564,5.0334337012963255,475.29247657462224,0.4096689884846848,0.544839416375887,194.379031901885,18.32684467516415,1.0449512296817172,110.35773240261496,67.51200203979946,0.6958034011450165,Unhealthy
187,29.419712873720634,5.211609522210238,7.107005042584676,25.35382702701607,2.076042847549855,487.5414071846821,0.10638536242884261,1.5455569750036675,273.9630314680303,11.019315984067523,2.631060560968538,275.3087473024942,79.16801574483114,0.38645978903653544,Healthy
188,27.78151326202938,5.050215030940483,7.41014674000119,32.01159655872839,3.233347670765585,327.1542301434315,0.3572437227266933,0.879432593293394,151.3582625489664,10.249682512669363,3.2138087939410633,170.13964859425764,86.67120788003297,0.590341324931184,Healthy
189,25.459618845794786,6.35315196184419,7.720020839609821,32.83287871546142,3.070755579701338,510.54309439895854,0.3571544644130523,1.1826172213997044,163.3349877753815,7.781978689151176,2.082023895389264,123.91179170148125,74.76949443914533,0.43536310334584016,Healthy
190,23.455458325942406,6.033115973783247,7.112662218054546,27.410950262959226,4.08855326977072,498.99750352108816,0.46955442420593047,0.7544856699268313,177.47507947555007,12.585450802697412,4.731169631767299,189.9044519307475,87.78575167939374,0.5869384118650051,Healthy
191,26.660455143798938,5.066840601017104,7.542150202458384,35.86693801475275,1.9018756481162524,368.66534971388023,0.2008376088844603,0.9600077734116348,195.8319539483899,14.586424880517534,2.364590119771263,204.10229395805953,85.82999938516869,0.44848305582500225,Healthy
192,30.569196382970418,6.891195764037097,6.966389802032718,25.250963433774757,3.9621726660819427,430.4735621060639,0.33547865914961944,1.0518405513555216,190.5420324781914,16.215458638303495,2.958707312992717,95.21199646525798,64.23618812597942,0.4519214113898184,Healthy
193,28.642281232390612,4.202724006880123,7.259452942419514,38.71297297457244,5.524309623286852,446.8554169897895,0.5237982203846612,1.1654584135262769,231.3638317579247,19.75653122149742,3.5560220968422906,219.89886002754577,68.26209894340523,0.9737487218071413,Unhealthy
194,24.262783663864035,6.2391227283331165,7.627912773657015,16.540203197532513,2.1368259954071895,439.2402572478614,0.1758829987679564,1.1172104916134675,82.94431717859167,17.634489618328967,2.4087152111981056,137.17054587858414,84.57537163279767,0.2822175689684048,Healthy
195,28.519542777553546,6.211721509562061,6.862802506587332,31.26379579546412,3.6897061676103955,476.70879732548275,0.06579517029611684,1.0616591000218933,84.5228051921731,14.045638902234101,1.1534269521955829,302.66172855144725,47.873874361895616,0.4713203395865781,Healthy
196,29.15595213918651,5.128544272823212,7.67618989518416,49.389289990582846,2.838017822203391,564.5093425464947,0.024398795931068362,0.7054739806417675,160.16487311959403,14.0090216181014,2.5713454730834666,231.43763072460408,73.50544306835012,0.5317145779638764,Healthy
197,25.3484276913966,5.891359626690542,7.492144880429327,19.996686753944253,3.925887206193036,536.5413382138263,0.3355254434633598,0.6284761874131817,223.89200750174837,17.550787344575916,4.0294405559270405,176.006000593441,60.69168798375328,0.5495635047211358,Healthy
198,28.461175317836584,3.998663708337636,7.720995981766859,23.222550294751485,3.519147777415752,345.0224645254875,0.02402197503296996,0.8997822530972593,117.37407873577615,21.362850814642847,2.6631048732148614,155.28993378095896,70.23446198566475,0.6497532237267766,Unhealthy
199,28.174626155338,6.608832423048281,7.589565653625865,35.13907849658915,2.8585130909556904,499.7655992244839,0.20532171364744928,1.079938421702321,59.694706412249715,15.631570997416,2.1535656985410214,193.70193754618256,72.01179910970797,0.3709654551703804,Healthy
200,24.571089106508133,5.278117436268413,8.045656171989538,31.795817819395978,3.987872284871074,556.3146655628327,0.30247758244467526,0.7331837897670179,202.84717624876833,12.654345728947956,3.9256722095027214,236.7674444949974,71.41755622092492,0.6331320307120444,Unhealthy
201,29.07336208104485,4.8727323753771525,7.550089801059163,33.50630099273559,5.304348109786743,480.9446816551362,0.2722210644195897,1.119551589714316,189.74628894810857,10.035669994572274,2.6692251039769475,198.470352284888,69.47738747887391,0.8287074806731862,Unhealthy
202,29.682353579104703,6.758811071004267,7.328237783549898,34.891871301476634,3.309096208272701,537.2784340148773,0.30105338370210066,1.2357850236458539,136.39166372802282,7.773973677938873,2.4898391863497826,186.9704715717886,64.02856350371187,0.430266646277504,Healthy
203,31.24915372952583,4.654787571348689,7.548919001212914,36.3472146856177,4.219757942148182,610.9816356560611,0.27667478269610246,0.5251037242779741,140.5784159711628,18.331348360217618,3.1494560896633095,203.50221744907373,97.91911266818687,0.716230198344839,Unhealthy
204,31.16140615610471,3.8098464443637283,7.717319211614555,41.09699841956223,2.2067270421288363,531.8967636885585,0.40346389759760715,0.548923788861116,141.21025121461304,17.889892618197784,3.7707502096187873,163.7684641257827,93.67462004161351,0.6475520362158422,Unhealthy
205,23.866991896128727,3.6320449917713153,7.519544028130282,34.098186569285126,2.543563623181991,469.9446876513383,0.13572203431134439,0.7578874823283991,184.4214126989576,17.886817625533308,5.3817135317325455,179.40764438941773,63.37934179743717,0.6333811060780086,Unhealthy
206,25.18652488025463,6.227211941614767,7.516236676481553,27.587423453814576,3.9724062778803773,533.6070779267802,0.16876058338497624,0.8922838004567589,154.94738895267972,14.356702768239721,3.827236107657423,74.85245366569976,90.82116751303568,0.48988321485522285,Healthy
207,29.54510580162598,3.96348477700446,7.219203324877298,36.72573701202731,4.984116028535965,461.5910266477513,0.15728086656750112,0.6426298958698847,199.76255675902078,22.034673729458753,4.159839966388344,258.42357385114207,71.00534509527147,0.8598794620372531,Unhealthy
208,29.541357852736628,7.605753018381238,7.234839632979621,48.99881934895215,3.85561334878566,451.9122434627964,0.3496230174235132,1.2056608036601433,65.81493348382436,12.579407527075912,2.4940338010121446,217.9278668193057,76.2918747333171,0.4592864062759253,Healthy
209,29.545143058918143,3.0016847105395335,6.938957891280123,28.673662536174266,3.1869419694768455,421.8868611429014,0.35804783060740764,0.9272200584555355,145.72592539488804,19.77634618603603,1.9741318940305237,153.5926493579942,74.36726040103085,0.807449644050349,Unhealthy
210,39.558194471964164,7.535747641948046,8.199830697274775,20.254706953293585,3.499291405423354,575.0730687065686,0.304147038318221,0.8118341144722219,134.957841563558,14.806285525052285,3.062331349619123,313.9240988813143,68.40251358746035,0.3199600146167643,Healthy
211,29.7126715320795,5.753220960643142,7.002454705843486,41.07080669286972,2.2495922660302825,384.5257067246399,0.39201924002679134,0.3692271428394418,169.7463728651003,11.958246176603312,3.1071699152595964,205.2209888235432,84.83852343606146,0.47671132899902807,Healthy
212,31.406696920541798,5.383944265755529,7.222837920881637,28.79618836046402,4.104515326355367,572.5894179742493,0.10863509591483433,0.4052552550717479,158.47808966039446,17.962651536588808,1.9214872586354028,137.8313856814882,76.25886530576658,0.607501920501022,Unhealthy
213,30.86200529047961,4.84609709582926,7.212637093772321,8.273304539859637,4.38233306232341,489.98912989922974,0.4500668933861364,0.8843027750845419,211.91375119583066,17.048180593419968,2.8247054700959873,251.40424528822751,70.23448576780758,0.6905245292968794,Unhealthy
214,29.954173753917395,5.978963337222485,7.857969750777777,38.47421677150422,3.0479096671669197,338.0555060158447,0.432788634605471,0.16022131215354918,105.6265291335977,16.78486379633463,3.399317601719131,223.88289299055575,61.95410556199528,0.5265034711752604,Healthy
215,27.054192266078964,5.454838357090182,7.382020128683189,24.646718140460774,3.0299578522404986,479.41194343931375,0.3382746396694896,1.1037912228932216,181.81965905323008,15.406392110280994,3.36039339501808,223.67479912905316,66.0640498628088,0.48895672021164377,Healthy
216,30.276907661479804,6.823962258419826,7.999096829069494,29.094667176958392,3.7658782296520483,281.99787938787006,0.4638158690525272,0.7525538466883039,202.33345692846822,14.810534591415845,3.5042878533842723,174.45466372090456,58.586198843979034,0.4898282474619788,Healthy
217,25.681524356387285,5.637073178394448,7.2306037503024525,33.319803305690144,3.0632802639594043,500.04064134648286,0.051205215078667154,1.77292789087842,254.2658974624782,26.941859964352194,3.2909647301374427,227.02974342668207,75.1222354841517,0.47543049530557885,Healthy
218,27.289544179779973,5.680362113754253,7.611597664889521,31.904996797790663,3.4338673853741777,520.8185186391192,0.1870662236484818,1.4923748751848334,160.729361156261,20.921283225980865,2.492991340729944,184.29450258673432,63.033344077156045,0.5201425111053345,Healthy
219,26.54390935651269,5.063665345343373,7.1658611786960975,37.0945181713904,5.599721789166516,402.6115235478357,0.1617635847181657,0.745565279225745,192.97834417410067,18.61413447492756,2.486099373351157,233.35648709875053,72.34439487481458,0.8346650626301622,Unhealthy
220,28.245622418158966,5.431665251534719,8.358059651109356,25.645136294301565,3.2529742992540034,459.8838156764466,0.33657751885088116,0.7680988992406056,107.8454882975054,15.558995791016942,1.801048602006124,85.70333275936167,88.7010185361037,0.5458396221014231,Healthy
221,34.94397570002052,5.869362122670471,7.024960632388195,35.131057981760826,3.1416598479787776,606.3325947000229,0.12398311124774253,1.098674454200609,84.32175182747905,20.035786002983347,4.784775039185095,173.96759222124865,86.99299572921586,0.47583888496852894,Healthy
222,22.398204422224758,3.4477979288120495,7.623928284090811,27.40453322416083,2.852458194364841,409.5402636590451,0.34089941792049827,1.3109517829754114,213.790975031268,17.58997388195726,3.013450364619293,303.3293058684917,74.67723105897382,0.7162980078879845,Unhealthy
223,30.058780571123542,3.8821774934731446,7.753510752372839,37.38810480887503,4.244191971499937,365.28739303547195,0.41446433727960563,0.308591282769195,179.7775882540772,15.131023763870179,2.775146944205148,153.97595267598197,74.12915273856851,0.8550415072546704,Unhealthy
224,23.161852386431043,6.3919169128272575,7.6655196389806,36.153674840130535,3.318775826781897,568.5330721970079,0.3334243480100799,0.26408736039359404,227.1405075919369,13.482178373670425,2.0712079185475414,163.76970215040882,93.79874549421008,0.45560983189178067,Healthy
225,26.5842044026317,5.7050385257535305,7.425884936448917,20.645612979554045,2.850626961678574,607.0069752424636,0.28405012283938014,0.6133895583336857,125.06388444121004,14.59541331168656,5.935657902327778,173.1223196930015,80.20756120358712,0.4354816633401476,Healthy
226,31.2668517909021,5.279219996376785,7.448071720106629,40.85982116175032,4.821304032273012,450.29565374782777,0.1314551990919101,0.9748212749521593,200.7960855811501,-0.8521286793902778,1.9266719677771045,127.1116318466814,71.72193540123477,0.7344434325903874,Unhealthy
227,28.19284005728639,5.522120719678472,7.517524588791644,24.64036554885952,4.919603004513637,530.9170428326685,0.14837788406495625,0.9490620771522792,254.75271362175414,16.05300419648821,2.5711520743939267,67.50315342630486,60.73981882879548,0.6476624883035871,Unhealthy
228,24.76676566621208,5.917098046434005,7.441199199348604,38.08057798281145,2.899576434261295,557.3180732424705,0.3999542686356,1.120931436495155,196.78822433429065,12.557619599448202,3.4158368362860605,186.16481608858322,78.93873218164744,0.5044913723713137,Healthy
229,25.854088872220096,4.852288383628766,7.885551646717964,33.67287313401341,1.6334600486393838,390.60126139692926,0.34352188046863985,0.4400907414904076,191.06326022364195,22.963349991414418,3.600212965744278,208.1515654448994,83.29323772582862,0.4491524921331387,Healthy
230,30.038793246804026,4.566034329517225,8.38420920063654,48.38183676795123,4.507513689836922,411.17553317057053,0.2453176576746947,0.1051568411093371,180.342243232974,15.096720354058771,3.957932055215684,196.84969588768087,68.68348475486356,0.8298475257645721,Unhealthy
231,25.80890010484859,5.735014306117218,7.277003285996867,27.765340176281477,2.815370174239996,548.4699610523788,0.19985085450809315,1.0574042585906436,117.16474171496351,9.05518290232519,4.807608507769263,191.30728628312679,77.91202755138032,0.4580719344149194,Healthy
232,28.649375768745923,4.325952666861962,6.952078808168369,26.506832038818025,4.290625599162769,584.8011422966807,0.0069030552266347855,0.5515411181104297,234.22291742841392,14.75059922935941,3.5061576554607123,202.58245225102326,71.3642670508497,0.6821789141949426,Unhealthy
233,28.13671551971144,5.989903306857366,7.464687180659498,29.805803941122672,1.5298961822881645,495.0304688139484,0.12149770975786733,0.19445364068340865,155.56569440779737,9.769394574687478,1.9439692000333324,261.37048829304587,73.15967600800997,0.27649171039193515,Healthy
234,26.04519895718255,3.4568996749145917,8.531883735061728,26.968202171657246,4.392597338299309,379.61485171983566,0.4793702904567668,0.8435191237878146,200.17933025532068,17.367037078562333,2.7430548748782186,188.57322884424698,50.12177942437668,0.8809957577848275,Unhealthy
235,34.43183226797598,6.734986764790772,7.178530172812108,37.9994190194205,2.2888280707192186,608.9648889359553,0.096345331479704,1.0379527064656031,117.47862773714985,16.454736821697427,3.307832372513885,165.55504537476384,72.78218596283864,0.3053645542265848,Healthy
236,29.901757066954033,6.067116978895651,8.155646722177627,13.836893915634121,4.230764119066524,407.52232817504284,0.2727375785465297,0.7633828603636169,132.8216134196888,19.78919815554134,5.068226041505824,183.13247090671481,84.69369302408055,0.5240430554820545,Healthy
237,21.924572240027178,5.807235681176651,8.171080325630577,19.46317580853646,3.514273067836434,423.18897750628383,0.3708932767834238,0.6626454841452533,237.40349596888942,11.045591041527173,1.602194521575703,234.76080558540656,68.68597444433442,0.519708150709775,Healthy
238,28.559362944308283,6.679229180734617,7.278564703316802,19.32197078420807,2.5460605806033554,477.3870267591697,0.09940927983972492,0.7521913303562281,166.10790844168628,15.170040481140735,4.2025765052252275,284.72161271259495,75.52526368215317,0.27156758876387344,Healthy
239,26.014640605694836,7.498569333355092,7.72759323167411,39.50307591973576,3.0929636870732193,574.3328336571819,0.27216525697373,0.6888251712797652,238.1310190417018,8.174891022866824,3.1799143695464167,162.3113756498493,67.44049293308079,0.37406158037340614,Healthy
240,30.557300004388672,6.717244078021756,8.151358649251415,47.10613372581925,4.186318456956701,518.3180781241779,0.3625498645012786,0.3955858664179499,176.87077363765928,18.507473909623574,3.8378305352294806,205.936027221733,78.60441676292773,0.5688928501925301,Healthy
241,25.622437784701898,3.290950922402026,7.348348903605006,28.955507814625285,3.6058944531152344,483.18924002895284,0.25149991862887006,0.5855957969028704,106.3240890816857,17.59435590220061,2.898005283364068,220.30144651615757,72.83476802463827,0.7675879335460295,Unhealthy
242,27.655790675599302,3.964507639917158,7.418567855959055,28.311782768099892,4.084412980472484,487.0630824094485,0.5942083666800122,0.9563839715041444,215.68270398926882,17.479025105137854,2.1575673698736737,140.44531959627062,65.60758459317994,0.8287783326373026,Unhealthy
243,29.51496183694137,4.750217706765185,7.267327634420543,30.700521631131814,5.476440584515485,453.4811734914773,0.04976808893461657,0.89650356241295,156.4043072897757,15.008095156784705,3.750872779401332,201.2250300327751,88.32551467665128,0.7757624080453212,Unhealthy
244,30.597265582510364,5.531309260253001,7.094097307722853,41.61878302608191,1.9357583882889486,494.6511611614805,0.37704742358606547,0.8504179417900462,207.94755254068173,17.073864453943955,3.654431027105621,112.0595685594743,84.28932013532216,0.4400279736653086,Healthy
245,24.39911077883267,6.121190824562948,7.240288981973597,20.72646865809426,5.117212574968624,247.63519378445577,0.22926379151242426,0.5014554554439863,181.00843470160328,23.021695541542982,3.972056965739722,93.85698177563607,68.95093236071826,0.6079817214905093,Unhealthy
246,26.996496292477154,4.629107424215841,7.010423893295098,32.38368982734785,3.604355937523213,426.2714032744161,0.342630418580401,0.7455490513592999,118.27527088228518,13.574528714789931,2.9866953646213648,222.0047844735354,79.97788309417777,0.6693528489554569,Unhealthy
247,26.575164066517132,5.724120117372494,7.51363338730369,39.7519762978243,2.601215951676872,469.3057547933425,0.3029568582039095,0.14688048606714366,186.57179061482276,15.693225918550423,2.4001779766801508,176.96751552015303,80.3741200282038,0.4722211888672561,Healthy
248,26.040012302278864,4.593540481176013,7.192010707576543,35.01094169939845,2.16968637426101,357.91887331043944,0.16202125634680042,0.8535429991656169,267.84892568611195,9.569368504092951,1.4412130049761585,212.13682445727315,81.42301235011176,0.5136239419692958,Healthy
249,33.29636272084329,4.766178636409662,7.593514364716299,31.895816165987434,3.3108796092229666,480.9058654249248,0.27747956709512084,1.2286573123440703,199.71945834057837,10.658695192008338,3.8193732681394064,198.926301379499,58.05744104004923,0.6148003691193119,Unhealthy
250,29.214945132882868,3.8120066837821334,6.877641741518549,40.01046092567141,4.42165011192446,433.64230232111026,0.02705182583220553,0.35776036038736836,177.69928987978147,15.489066465466538,3.423889482443986,141.41599708017216,85.06606541032627,0.8050160272613884,Unhealthy
251,24.217348136994865,4.392120104666915,7.632352092885783,2.9676770700076283,3.3724508796224657,590.4380558652392,0.32238970006856726,0.6242216980046734,223.0137360782759,20.519667733509536,2.0342173671360406,197.2847418821398,69.30301037074268,0.5843638020999951,Healthy
252,30.753585841164327,3.8779784732603995,7.83341158464357,36.77875319530908,5.011154930247347,575.8415780171886,0.28577901591886307,0.8987320336130389,188.42673860812442,13.718595878742137,2.461426326703376,126.01392169910869,71.42172066558733,0.8941096389310069,Unhealthy
253,34.3664685910379,4.328952096427201,6.702505742971418,23.459243168725763,2.048824309948441,412.73555447054696,0.3266392202371723,1.1758527903282452,188.38136921051176,13.82041735343938,2.5332411880485592,283.4583414800841,101.37881752260199,0.5146048612615399,Healthy
254,31.09739578165344,6.764370155929408,7.649622627939029,11.693671031435432,3.4879110521539456,437.9329830746644,0.37697419901045803,0.6655326151099552,136.3349931136359,12.965573777478127,1.5170155680175819,118.64177930840216,78.01873380721011,0.3898330287838844,Healthy
255,23.44189010213796,4.360721333401669,7.991067596989317,35.11202599524981,2.2476065555868807,444.0841947513286,0.2941143808251653,0.5923249012202312,189.35392103158392,12.326216645778384,2.1823176033948664,188.2528837418851,71.13677524552824,0.5474769504151592,Healthy
256,26.547297781401245,8.65885847780487,7.016143592523518,43.73658545162958,3.863631882624968,413.8672419072302,0.26777073037579313,0.20932305727517508,221.4177366566778,16.474857278544107,1.8661696431936459,137.4637047171651,52.94705627244094,0.2936532704174388,Healthy
257,31.800733447559868,6.091981481057067,8.169028954735081,28.625514853723082,4.3868873900973,465.60199872225013,0.14427179960064493,0.8310314387924319,146.557513915999,7.513711774106778,2.5875209881120633,234.22527040164772,88.89764133946356,0.5597916867956271,Healthy
258,25.876991603143658,5.721803348433848,7.6676076037464185,39.528745472029385,3.079238206318947,389.3374344889928,0.1645335083621139,1.4126228120431232,236.9798328498779,21.40469788333364,2.2613025016704373,180.1141177231098,61.547903291913975,0.5069297158327023,Healthy
259,29.331458284438686,4.469970663782544,7.217995257696637,46.122782579886454,0.8957861433728658,359.5507732049979,0.39240815442127974,0.8832075385894028,176.33175903419496,11.672888509352697,1.3729950791332513,168.87999682272738,64.96561096500497,0.4968600613811727,Healthy
260,30.32390216028801,6.3403718552907895,7.477692368936918,43.14914453584048,3.6989481467964946,499.8168979120215,0.42236024868471744,0.793316306244886,144.48921953845837,18.609517427190706,5.022590230569481,251.19209270309327,71.6864770091215,0.56846753406953,Healthy
261,25.21920858526575,4.8092346085146715,7.723330765008689,46.39964529371393,3.9367385517335096,500.3623667377449,0.22142674764255352,0.8966246932300956,219.90528307680978,8.65000701303062,4.252540731029231,201.76583550065314,89.16411791700293,0.7255075119377412,Unhealthy
262,27.8214239318146,5.646411777574434,7.530402156564965,37.42127491071892,3.9042947549616978,385.6547392272006,0.2555203296703929,0.7966723988154194,168.52823057046922,18.34420065273109,2.2209805784800145,230.99866675615803,82.73239986665759,0.6030361503587226,Unhealthy
263,18.276197979792784,8.572101445922554,7.715502396978548,30.75433638901593,4.735782191822154,521.6284344610079,0.14144627500074808,0.5560956883219611,210.38059549944433,18.359723039072488,3.27242139665361,141.1204438089521,73.4216249015974,0.3488392127862096,Healthy
264,24.92683707599713,5.38472812033042,7.1317305627682535,13.980341881028316,2.428946320350951,399.4737816667735,0.39073082143209337,1.0469839747033116,168.3296547096585,16.921010360029484,3.417465089821295,115.71098336434959,78.08292063638821,0.4463262184087473,Healthy
265,27.242295545820518,6.879127991542811,7.567744329614431,27.539375118700512,4.18021610545045,470.2532190430385,0.32985001884301346,0.8677284569335264,177.60695425880385,10.027857391001039,4.191085854773477,206.432477722408,68.99614307128894,0.46751016047528376,Healthy
266,24.25665045410545,4.656188289848935,6.934514201238008,21.567534046838084,4.692507512477975,515.6275210089965,0.4829460923756499,0.8052839755800972,199.74240817337167,16.247740947990387,2.1813949733399216,180.86921867031612,76.39653689565351,0.7829116199792522,Unhealthy
267,32.897233911794906,5.458013811403646,7.45550957546052,51.70942717497814,1.7214124159934832,447.31099482370297,0.14460123073843134,0.5073901918165251,191.63588230360023,9.084719076328055,4.092106783982426,237.58608034723665,75.73336744778136,0.44952395150872565,Healthy
268,23.7095758661181,7.624960762762612,7.138436943414084,28.241141875676632,3.819651825918977,486.37927297129073,0.20463905211781394,1.1910523795804278,100.17872878193046,13.736183724519073,2.4520946957930647,195.20549284024702,84.68769895681353,0.35618437500012284,Healthy
269,26.67986653990905,4.747639530654679,7.205788022964093,31.232048067844858,2.9958201689923287,408.68562848899427,0.27777351070306866,0.999410823599933,135.15025039622432,20.14706550477663,1.6641375958313867,212.3045203540778,84.67178122438949,0.6043707490871996,Unhealthy
270,28.392221731858275,7.674938269596314,7.994437270084175,35.51485376040468,3.418477326898354,434.2826733257522,0.32757874452709246,0.6341237487898095,217.17639939163263,18.98350963535371,3.7241365593144975,102.59704820352539,79.93977382205645,0.35068949724940535,Healthy
271,32.323819867198345,6.349302322546571,7.9365240482377075,30.436024463724536,3.8476764835383364,433.53124552957274,0.22411988349428413,1.1005474561045812,174.7145364439381,15.075914712702165,4.290758424122428,313.3062163768554,71.37652442453897,0.49721288131984975,Healthy
272,23.69241354646168,4.825039868926879,7.743655248362871,46.95051040430753,3.0127714358864477,390.2737322767809,0.14524466914555595,0.650728748484438,159.05074788914314,10.125967120385791,5.587908973530684,190.1454808980781,82.41822294390127,0.6081131572229214,Unhealthy
273,31.48949125646488,6.2588892868666255,7.063074894130969,23.77350638265548,2.8242919208383883,435.85806695073745,0.3557689034708285,0.5653989522466889,125.65703938970103,18.227938560870967,1.8002747349097865,241.85521822035196,74.08031533796954,0.38410562437467904,Healthy
274,28.03069918305876,6.667065339552076,7.373436620122079,31.946074552372426,3.5341524174880248,326.11053609090027,0.3365362435054698,0.5720890647559139,136.81054714896607,15.096906188490125,3.6989196850807886,149.83449978682242,64.18085631286867,0.4493613288095444,Healthy
275,25.055474046856148,6.246171954660635,7.985239079991674,22.57529414301952,2.412754061137197,410.7077002286316,0.14004710793235303,0.26867943407357275,99.1280544015221,3.3984220088478843,2.590198756206467,218.48059413304046,70.96712208089062,0.3068747626089591,Healthy
276,29.386310422789812,3.6157303361314526,7.556686765455962,16.799774887792942,2.4141748711148145,427.2099605304263,0.4126531361326595,0.9414627141254618,175.9487712519387,18.913149131582593,3.7833587105240314,121.82931418851528,75.84526983784325,0.6304592714117003,Unhealthy
277,28.59717908672041,4.627435389010158,8.427731815992678,23.882309090947146,4.179373282956504,429.5056198003696,0.3904238451035924,0.25065653649849506,156.0624967767581,14.87883583065154,1.5295104487687494,227.12407029558025,84.10215783664745,0.7272486312129912,Unhealthy
278,26.199349368523617,5.202977637338194,7.657327135757749,29.62963202951588,2.351205964841344,430.6802043303377,0.26611557966973515,0.4314668506202713,141.3364843605874,21.01225623991536,1.737230224301436,178.64155493685004,73.16471827842847,0.47098896291200876,Healthy
279,28.209406254970055,5.4106798850799445,7.576819646596013,25.7069777548274,4.166312500909212,445.0588640111897,0.2595517434851244,0.1773235972764401,177.27506299328186,9.523647405785976,2.224125176833516,201.75143023613404,62.90801288760394,0.6251717939597496,Unhealthy
280,26.84405920941472,6.244806517060813,7.3763534143189995,23.07579020126144,3.962591292853951,488.3553214468851,0.31648693253390886,0.7741790921627322,194.55882523410952,-0.8835190659800034,3.0789640456680845,241.87844180780584,75.56741683296819,0.512044452049948,Healthy
281,28.340552035753745,5.713241201119905,7.553416361912913,15.936825363281661,1.7741932712094033,519.9613659306018,0.14659563156924904,0.7549038619184384,263.7279172883978,16.395419291725926,2.3589187334616444,126.04758132678319,76.13456040056552,0.2983243596464971,Healthy
282,29.98639202356314,3.8975867695478783,7.439012065447782,29.168944273713052,2.822435347664345,398.01878185213866,0.2536037774996899,0.7019911360440908,119.52466321747146,16.457818383409865,3.6590543439134198,158.9304961632322,76.85837628902753,0.6446480262420855,Unhealthy
283,32.75805044843606,5.956237421207156,7.783243470675436,14.952796259689977,4.6941094030473725,353.74393156886845,-0.008286025353101634,0.4872266915988272,226.37524173202087,6.546641861967741,4.026894618257915,227.43945686520593,84.1987151595443,0.5244701422094024,Healthy
284,24.286553503519453,6.232702894340588,7.882680926717834,37.60055963689602,2.5188344688603186,366.63644702055177,0.35517467746035225,0.44832987396900803,218.92406244060288,10.107502270666968,3.5995775412453557,325.8932884728048,85.18923240089899,0.42237221684328746,Healthy
285,34.3991001239688,6.171748537517248,7.18560421579682,30.82439752934503,3.0355957376906124,411.02376630440585,0.06262081330697689,0.9393109590639723,148.83629042493197,28.77608871859951,4.618787639660868,191.7150599203111,69.05789127618334,0.40828771015395054,Healthy
286,22.143736601432494,6.796936870665546,6.967506818576889,15.424485005350695,3.9620608932518966,421.8462945746793,0.43041037941147986,0.6348344204874538,188.12943818344124,13.471946929230983,3.415826629455343,235.46816707543596,68.83856541951056,0.45035593129682583,Healthy
287,27.54464471489325,6.500706585458685,6.765517850758681,26.907909229501364,4.2833905092825955,388.4003147042034,0.21038558872402596,0.8949074964608434,161.6946700264954,18.65479488188108,1.783103289659833,193.5817118084912,64.59801289044526,0.5216703184434699,Healthy
288,29.76495161945373,6.051016095074124,7.703196530765018,22.47843594409417,3.2484611139555044,346.31066686000844,0.22459996216825878,0.5344253941627333,187.42754321674957,11.746700863158082,4.3633765135383396,316.534735685378,81.98815670280476,0.4284271114986038,Healthy
289,28.842975603205097,5.415801146249623,7.05865335753045,33.1917451041918,2.9024898053083583,413.51033380206496,0.17467193126985933,0.8543188228313248,240.36524053618203,4.548485505734217,2.3948437643940026,95.16669998208467,89.48820108337715,0.4844372931794472,Healthy
290,26.13190144053822,3.5068468797808103,6.638843762819007,43.40450446023144,4.922369861698508,464.51412960911773,0.21543533512935084,1.1909834111948192,204.22424930525253,14.148708766020473,3.91041849968557,205.67726268016148,71.84918072091077,0.9458485510980535,Unhealthy
291,27.375633248928175,6.015541862959103,7.655431441812386,11.248275303542556,5.238899663797579,497.60235726684516,0.4202237614177644,0.975849740117835,200.3443349293377,13.671977198569474,4.573734216555106,102.46735798627634,72.58569435275007,0.6471601657024072,Unhealthy
292,26.5209971960235,5.749225224595733,8.497199806973116,31.15026079147417,4.478858050781795,405.4061557513343,-0.04853703878420951,0.6762758545350559,162.7876272018143,13.000608806658143,3.456688010730399,49.60570576779699,89.66782556898976,0.5652179418518402,Healthy
293,26.231905729167366,5.825894604634448,7.497571635384043,28.398672044333598,3.5853181425650242,416.96017422852526,0.4032358463305825,0.8771596911067783,120.6377334030266,14.426795822468037,1.5038411868353503,217.847723187069,80.05557853215008,0.5627742654713624,Healthy
294,30.548806291063073,3.9679017090156288,7.8353963097806565,36.713400764504655,2.691734278359074,375.8641352922151,0.290562817732205,0.7278004476409361,171.6612715783837,16.32134135822818,2.0817878334902087,208.36986776884754,79.36235704801055,0.6510433082702839,Unhealthy
295,29.071046457895143,4.2027321515100855,7.532731743419026,32.131966282376894,2.6695555934434347,447.48486637001787,0.10515740225713413,0.8023640554084185,228.2643261945566,14.249415243730967,4.322744466885135,182.90978373546793,63.09083494026273,0.5756771226993656,Healthy
296,25.921271214218038,6.7637834239994845,7.460444138723543,22.48030668261181,4.022514105265757,382.12570926473484,0.12096251283409146,0.7023166843554489,118.9132857364141,8.67996916026318,2.8308773143571835,193.62835459761482,81.78728069279418,0.43934865910459436,Healthy
297,30.698799626299753,5.452533815372014,7.867630593195107,26.809460643333818,3.9183982208886836,495.850225059296,0.45116716326498435,0.7506994382343827,137.7964252729322,17.430923957809696,3.079573534942166,385.89796604427545,65.70863659490242,0.6457205661558324,Unhealthy
298,28.921898562629828,6.317800836847149,7.3838901823245395,22.039741431965112,4.90159859294643,307.1306806452711,0.13653917440687224,0.8636280059222526,185.05070944936273,5.253141223387884,3.758824416163609,184.50949171811394,63.65979814065042,0.5777746537820561,Healthy
299,30.43858635651688,5.533982051356554,7.6069569256287615,40.76007138598598,4.150450092536139,421.22962620380304,0.11159793872848489,0.5019923901254149,140.6138086061095,4.748212713578999,3.6963228620803235,230.6074616750045,71.53228423233288,0.6206971354130334,Unhealthy
300,29.888886525770836,5.535707367394894,7.628679122478405,30.21311648671942,1.996919698240182,474.08858713533937,0.38647774508376753,0.4952363519030066,148.2990621153915,18.69590247350784,3.2787998123854605,161.03811082316713,69.14207276551309,0.43674282272855064,Healthy
301,25.513014967233783,6.625940567171197,7.2327638185427805,49.01190685753008,4.551947617722918,464.70676130580034,0.2906263451543097,0.3834372338506367,163.0560567308729,17.535101360676784,2.7913316287795342,217.7139545024362,72.7840030561496,0.6080626601209455,Unhealthy
302,26.319456879409092,4.8807463261391515,7.8968169398146095,29.393391861853793,2.501939372685587,665.4426931184397,0.13744893081563214,0.3199186686488871,125.37530383239402,14.71302317462982,2.687331554267643,185.70597949666296,60.59018365475082,0.4796135485398654,Healthy
303,30.241880815369786,5.61534493232918,7.430016097321836,22.915932330895373,3.1160287280476484,477.9840019654326,0.2759949970485543,0.43481519233385624,141.03512615134525,8.02275747622464,3.857898825291343,175.3688910362162,84.58816306467672,0.45886391656207637,Healthy
304,29.831110796300393,4.945269653553949,7.197701936202862,14.862856073871729,3.7502002062516944,369.67563225263916,0.1269096779631667,0.8478387520412388,208.13711667149235,11.460445296629622,3.5535695310677933,309.1339119320195,86.27686294516428,0.5749927206134565,Healthy
305,27.937295218107554,4.978604527081221,7.714603937428161,11.96860323744055,5.495667489783965,442.36286023287414,0.3820985678107126,0.5321637453524348,127.70520871076144,13.68626626156748,2.7426999993822103,270.63109779106037,55.52657525859186,0.7657287002310218,Unhealthy
306,28.351982149926346,5.1289934518376326,7.140612807283585,14.158640569945103,6.609918556005361,307.90029332268386,0.37736451578477603,0.9540843392693289,116.0851146202065,7.020530157129433,4.082112312993141,208.20479884395385,84.78457805666551,0.8779016303622272,Unhealthy
307,31.832994687365275,5.766560525960456,7.511272462947652,32.67126651011483,4.106723059136183,443.55202005625915,0.31384074385863314,0.8104141246257686,154.79900081864423,11.304856709883836,2.870965884870216,61.747283843362,66.89471370178373,0.5998885361342245,Healthy
308,26.22528583349251,4.925501654003828,7.496352401342318,35.08725023229934,3.316803381279612,383.3555154399393,0.29339932734964197,0.20944873596858393,209.27822010039384,18.261651690883397,2.1483378256656067,178.33944660484582,83.56975536982786,0.6254923032510609,Unhealthy
309,29.641292143510114,7.006907350688225,7.934358226332631,14.188092979678666,4.03450564848055,523.231222044813,0.4613425749840848,0.996492675266507,172.1231276801244,22.136526821446083,2.2410293010966553,362.181653864305,74.31553507333584,0.4389141289541868,Healthy
310,27.39342204269832,4.426471237336595,7.689879293151981,38.950383140761154,4.387655425873836,406.03677803235723,0.24996235928658703,1.043239593677513,161.41675687537526,12.902826236707247,2.021259163690234,186.16030000161751,75.28775564080999,0.7693102155993293,Unhealthy
311,27.34695639031834,5.275754027006369,7.489989216501942,25.169389483165606,3.1793323744428084,440.6587267363803,0.10817510494950386,0.501841197549544,181.77435190062428,18.78244177158049,2.727589983396313,266.1930543232195,73.14902350578781,0.5018103818255302,Healthy
312,31.29633055596157,4.9723227300709905,7.827106519680115,31.467930119855495,5.295211355912322,399.15537268764774,0.3039368695398768,0.9260574628684975,110.17170268561392,5.429699647062664,4.233724278336193,286.51654411715606,87.12129204233486,0.7904326207958507,Unhealthy
313,30.47624904696409,7.236373461224479,8.056083019606925,46.122206282554245,3.730070759191402,589.1081081482665,0.5003256459444536,0.5430505287772404,199.7882261510013,18.297256205568058,2.194904818969491,213.1378349513585,62.60411987474971,0.4962014735802325,Healthy
314,30.440528908001916,5.73586573181389,7.723124122540745,38.96839315865532,3.997743089091394,424.30057871056704,0.12822886081769774,0.8293011130245007,195.33740125614577,10.980257926362594,3.1884757610181027,149.49070208791085,81.07840338735008,0.56329066401977,Healthy
315,31.916436421462986,6.738213447362362,7.5041410479373525,27.314693520941677,4.165924252054461,596.6045634783361,0.2066244679967217,0.42065047791351035,163.62766103617116,16.53672808353985,2.343310654372587,53.8812600930267,86.0133016488955,0.4616715605365612,Healthy
316,28.063011524898275,3.7173275523556337,6.9752655070599365,21.088077745847126,3.9215866106144555,515.1321409694613,0.2999735245721743,0.26206806423962703,220.23698047185667,13.761237908801453,2.7396909587285623,241.04979251653728,82.16340080540411,0.7587179578160655,Unhealthy
317,30.045858913884892,5.820460319043111,7.073954534769851,8.48184598670695,4.338940500469612,488.5653381868309,0.2435314181193113,0.6851548431161094,134.90015604187846,21.60207004891917,1.4899587880147478,151.11463983058712,98.24698914323417,0.5108506302134744,Healthy
318,27.069199730219633,6.567556954748125,7.377910118258133,22.808466807575797,2.882746813453077,479.4986517854016,0.13212357035472228,0.7628813161175492,225.11635973014276,10.62782175830041,2.779461770843463,210.56902711326154,69.71053237275301,0.31727628558094173,Healthy
319,28.972499057465328,5.598740787130509,7.256195119136287,27.888697611723057,2.9416982460539693,481.5037838573001,0.3846229427476565,0.6806960919156189,186.17974662381005,18.138031487809155,2.806294620195038,125.01077962463815,84.57304822593531,0.5057339225791231,Healthy
320,27.609570836896946,6.778576450078422,7.425211478805822,20.12820472848816,2.399845767028305,295.7861936523512,0.5284048866420712,0.4447908325332322,166.53789640487307,13.602462683517333,3.540287944035695,184.08574757178786,73.9390936465858,0.32777436786167186,Healthy
321,28.290987894978155,4.879253859879554,7.522659969958843,28.687430329076953,3.9395012306202264,427.6893284679395,0.27353577508286886,0.6800302813606589,179.20505458526753,14.20847260995168,3.2232809132553704,202.0231432940632,87.3340607635267,0.6810702691572468,Unhealthy
322,29.785471076310742,7.191216928222696,7.711877101742692,30.76851882958768,4.278936503512114,517.6126376947457,0.14151180523167997,0.8807884257742202,175.70940936756233,14.080730534203951,1.8016078750479547,216.11561486265788,74.9231100427863,0.45868641035249996,Healthy
323,25.545337950299583,8.2586777483431,7.471800488776363,27.751440181919214,3.9577728661518856,446.08822532207154,0.06412473699358301,0.786532090963239,228.8113158567087,10.771634477529435,4.0841982440435425,133.11066875885513,71.12124218137531,0.2636923240687253,Healthy
324,34.27716182705638,5.064593727472409,7.694600657530481,23.499974191765403,5.174492433347537,337.584812255714,0.2809571177465417,0.854750309179764,136.93283490115945,14.929505170466642,3.210303040221995,271.8146569256811,88.06072203871629,0.7572779492240369,Unhealthy
325,24.981947855500895,4.965396974319074,7.525789765924048,31.686546719667277,3.4944039811709535,445.8076439538024,0.3824652811979509,0.5989654398637302,149.49923043413608,14.686758889390893,3.198393517177487,164.1863129160817,70.0843806098107,0.6466702367366288,Unhealthy
326,24.357434161636803,7.244061372541241,6.709813373458451,34.41940649569409,4.1687416555925125,586.3284413004393,0.3070201295794458,1.1515153744148479,221.4521156828992,16.206201242033647,2.990817646614861,99.53183237280528,60.872742410994434,0.4634270314047149,Healthy
327,31.474332620500203,7.395486574876855,7.124265842472498,19.09600922557154,2.4082991238606857,549.7513372427776,0.24971153908973753,0.4471479990335659,156.17860259264563,15.422525728464313,2.4822425527777803,193.45859480219218,69.83153116826172,0.19580778253888703,Healthy
328,30.37498808188881,4.872567967416078,7.442364977711354,44.1093237974627,3.112900297525599,445.0396792507175,0.17928740178528324,0.9462680891260156,216.02132309326367,18.98997274806118,3.217802339748726,202.0625185415876,81.19032946588533,0.6102929362758115,Unhealthy
329,29.872359451156466,4.9957758194849715,7.016122102863557,29.014118677157384,4.195537757565777,526.1159421646469,0.11894036407382924,1.1545673278879884,247.97743932034837,19.617543080236842,3.4755884359285822,209.6353659903056,88.92038751587091,0.6428410867614374,Unhealthy
330,29.88503652779284,5.161858469367392,7.739971491998482,30.188496229448475,4.349102110743144,420.67943837055583,0.35017015915898586,0.9442724278246687,163.92819892233464,9.746883390860994,1.253104308654445,281.72794422110474,76.11129375296512,0.6899859618597897,Unhealthy
331,27.963259681459256,3.8866593867588675,8.11230033293748,37.08214423256557,3.2060330523358176,313.6902730538625,0.3596525945662703,0.739242731880551,207.2544930630122,19.343862502953854,2.4612391626539045,185.81306979584843,88.18197067234026,0.7377314581989536,Unhealthy
332,25.308236885542506,4.397617664218962,7.987504740678927,32.332161312635016,3.428400748141933,376.0427209496356,0.06451242559711204,0.6415108860011063,133.85230874640567,9.068317864450728,2.7450530295964106,192.82282253787372,61.41825078522406,0.6199181672558917,Unhealthy
333,28.22741367458118,4.295031079897519,7.414622851627917,39.53136633913245,1.9821262533191906,575.0311014806558,0.44078067738168203,1.1108262953138768,210.18933192271237,17.939279440688676,3.2561706056942783,133.80893712601437,70.56736535182097,0.5800560294389681,Healthy
334,25.968514865463664,4.578642921875046,8.09629045473998,32.87124165201824,3.1429707991933906,428.0805534536557,0.31888854650728016,0.37310752242149814,187.97695943947068,18.098693923514343,4.193311005927126,249.23321017327382,72.11424882845898,0.634816387194784,Unhealthy
335,30.925359200253254,5.458378135135862,7.559466982880845,23.87562625359562,4.390383163519786,430.52928164999855,0.41795135741749523,0.508962721886107,198.9215312864086,5.443415541687479,2.2282591854032177,211.0585438446862,73.8544057252748,0.6647291994117039,Unhealthy
336,27.558827855493583,5.781057679043825,7.365165611552785,33.61503525206102,4.075205016106566,426.01294429800953,0.0889446701817862,0.6807326703524836,154.1771171185842,15.464896232647048,2.502038153182158,174.79833636235026,75.84094388250196,0.549872448459923,Healthy
337,25.523508409622465,7.360600591376892,7.254638934583624,18.562737926793382,4.00066572138121,602.3309271658405,0.08610110135014734,1.1712961272535996,113.5566633773131,12.657519433198422,2.48746588935345,85.71951839207217,81.90910957392192,0.35112046103223915,Healthy
338,27.03584247504102,4.301975151113451,7.379012125404748,31.08559705776523,3.54977368718096,580.076713228965,0.23212368282792437,0.9139302908122688,200.1300825899802,11.206173710323124,2.1984724098954587,286.6647317033053,70.5519316182951,0.661553448197146,Unhealthy
339,29.238794362826873,6.6811868781719,7.344729272583509,29.667700093555393,3.5070631586281764,627.5024186758508,0.3103341312274233,0.5095862724469264,97.46387390082182,21.75426165349503,2.6528135048877375,126.33920213263657,76.39028686953125,0.4380991723763057,Healthy
340,26.308826341588077,5.243213386929389,7.568166488950195,27.918831427274604,2.839678860526553,437.2763831679959,0.4655632987512356,0.706907688384529,167.3059803102986,11.731604296812906,3.770802219987971,164.52331943781766,74.54877109675948,0.545547623854075,Healthy
341,25.533338813300706,5.44064354841708,7.564229592419946,28.714624885610693,4.198828420202535,473.6499590997676,0.3347294696578158,0.6157030567711117,217.6472746567988,10.96811535440975,1.9461645046356544,221.5006706645602,65.7411009610885,0.6360851024332604,Unhealthy
342,28.731061634475736,6.309783390599924,7.501218408061366,11.181509545023609,3.9209729443893897,328.6685960463367,0.220878246782556,0.5870633023299395,187.67590943492144,15.378474700025468,3.427814395152903,128.20652428299883,73.86333310918565,0.437233324918077,Healthy
343,28.73489971332617,4.152733574125242,7.67477526789854,24.512750922590385,3.9920188479927994,568.1547540894619,0.12683569508009296,1.0936668675670338,257.9337057915925,18.42794873149208,1.2980977699816645,110.3894133048114,73.56340470102882,0.7151340633728718,Unhealthy
344,26.47917047388661,5.958891695420861,7.976258509914537,30.928449011411146,2.9739651573324197,356.5776358985652,0.397600068726298,0.3884770612209484,221.00436610327094,14.291757069949366,2.438662003557794,72.56314503796011,73.34919434996954,0.47665455039831206,Healthy
345,26.58688508314503,5.699742649855668,7.87982165417653,31.598563919974005,1.3466570801287556,467.34204510101034,0.13423534890991423,1.282634256720312,153.84406446697693,20.831852728346263,2.670510699782014,243.25981717433814,75.3175945658145,0.3194347144966158,Healthy
346,28.69614981207291,6.090941516809779,6.906040812620039,19.72324859074042,4.597152711753695,362.21579778937246,0.4454162265726786,1.048468907055387,181.09253519405755,17.654878309820454,4.674859672914065,167.28882531642068,75.75673540613386,0.6133704095393135,Unhealthy
347,23.655746975508027,5.847002372689381,6.478431546039218,42.65707840864701,3.0211625439915957,402.8906538609043,0.21587384204721888,1.1272585011811094,178.10517189822255,4.108943401342849,2.725197695247312,375.6362055483998,70.67704820892669,0.505267998179001,Healthy
348,23.777608676870337,8.446360167893072,7.87372796449571,21.338251517854992,2.6372242359568796,383.019005516024,0.44086984871414203,0.6611181463924225,116.71292946615492,12.352665182464959,0.7987565265490817,140.3386960621476,87.72714733971264,0.17872296516490524,Healthy
349,25.844667336242694,4.734712018898421,6.9532485206338315,39.69457200526737,4.193478911913994,401.36997914593456,0.3314717548071134,0.7550177842762672,142.38404334062588,12.190789503241504,1.0011110931387501,144.71293859426473,63.305193707969835,0.7763272382419538,Unhealthy
350,27.35965854486446,4.862803653997819,7.4100938392429265,34.27194361871685,3.1079873600808705,406.87018374808173,0.233560541266905,0.3700544556425865,157.5695637208056,17.39680476714711,3.034029586346681,166.0764217828759,67.79029891530104,0.5784439013088477,Healthy
351,28.932722696794013,4.752231368290283,7.031954789576256,23.537726901561967,4.559936384046622,406.1384964059938,0.1876724353808648,0.6426012778799591,98.55117988576254,1.8759147181294402,3.613770855789909,214.58807930830935,102.79963624223555,0.6905267147249374,Unhealthy
352,32.426068650848656,4.833427457007694,6.779207824967992,47.75310892609512,4.117005949576697,516.6667129424245,0.20909105471847042,0.9480964542929453,181.8997387300657,27.74504854358861,3.375455857627253,171.7877996728813,64.6200864501077,0.7274489495946849,Unhealthy
353,30.572978869606057,4.735135447232179,7.716585091281916,18.0636316824352,4.183569323200477,361.6109765549984,0.3013980030850285,1.188818918534419,170.03712621387837,17.65513047447105,3.16757010580099,236.73993284015071,61.462453252902414,0.6702511844048391,Unhealthy
354,27.520184410109717,6.926819837329062,7.803662064121059,39.191541736100014,2.1340442887994655,467.64331416110934,0.25925877954612603,0.46785295495926454,113.08424394753703,15.744384019588455,4.162259597505667,141.28469660068075,82.34476745001218,0.283449900630724,Healthy
355,27.942951376291933,7.204605097587826,7.269395839709312,40.005823180429786,4.711943985386401,547.4367321844447,0.1787426310317554,0.6903482189044203,196.1685146110933,20.90783858209573,2.4604087792628686,117.10449689218514,54.22880146226126,0.5219307961504341,Healthy
356,24.992411906086573,4.815104447500628,6.463583083142036,23.29379790923355,3.761250531233856,408.94429083892834,0.23012423076188412,0.7546102339302434,208.63490978763838,26.718270264063122,3.8949105560268253,92.10711563545355,72.64726090027561,0.6392464881523233,Unhealthy
357,27.944460592022832,4.501173312274926,7.281502220699007,43.92465300064329,3.1307228607537967,392.56648874019186,0.259429243566298,0.38126323934225453,189.08137915459557,19.353733222942015,1.3679851149735827,66.58554992376818,96.45824925076488,0.6673110811147345,Unhealthy
358,27.134024083239584,6.065698667663685,7.656721602161019,27.499534854010474,3.643388467342251,431.55802998557994,-0.005448091329777416,0.9774047725275201,167.0372729916412,19.7440654823581,2.095052167061934,168.9158588314966,59.550640778466,0.4458942200810148,Healthy
359,28.968155681014267,4.837332346862834,6.908435372490349,32.88693629279857,1.72376476710168,544.3780166688568,0.3049801737746438,0.5828029004772173,203.6576860700742,15.653450122321912,1.1929586050681837,181.94118125640668,55.18035514261287,0.4537006772384795,Healthy
360,25.518307169343032,6.259518181306613,7.573343967911662,32.603218387712204,3.9086528114806707,465.5286104762686,0.13243345303398318,0.7413828946468929,207.20881441906764,14.292371233165259,2.725154699330208,162.113778351009,60.00818798042302,0.5107293072907558,Healthy
361,29.558039542723517,5.74350762502156,7.493876060330802,28.65691258529452,2.470628491817928,407.5028564313921,0.11160011161531061,0.6644151884264368,192.29614278878753,12.621022779975494,2.9537387827336574,274.6043478312297,83.98359568346986,0.3815931771633928,Healthy
362,32.59821673900773,3.6811070620033215,7.731716599840436,38.10808273159782,2.1473297141564656,488.71013209504315,0.04751867834671478,0.5631984482840977,147.01550998260956,10.86944004142729,3.1141014922265198,273.6818125764881,86.24776719985812,0.6050141385017122,Unhealthy
363,27.67371955462943,7.357006241596074,7.5478321473656615,37.93488720552213,1.9776408137821089,361.81662801308613,0.03473290025585318,0.7978865043558336,191.06403062044723,11.564929501502514,3.0618833528871354,179.9118207533299,69.87411203021492,0.2109576041851801,Healthy
364,29.205135166296824,7.6550532077146265,7.1107724236473775,12.514680267618193,4.612688374989926,504.50876083543585,0.08734629962652529,0.7353171264295933,227.81922603301916,8.247220178285083,2.072446669188272,92.36473320848222,81.83212404001068,0.35634888152486327,Healthy
365,30.07043197513334,4.764653571418736,7.978628600665797,43.043402428781526,2.8707366063072115,482.6885846161414,0.16491748508434115,0.6884426353164004,156.1348376555308,14.620642746574884,2.8097591555867845,165.99769351669684,88.9025532751199,0.5900777366874727,Healthy
366,26.796338584342493,5.034758128076819,7.436588170789212,13.375080119643258,5.0337277099165,425.3753223088893,0.4843910965031882,0.5814615134958973,263.91757356529723,6.576662113868066,1.5025533313942514,164.0107163649763,92.87346414429825,0.7578682423681201,Unhealthy
367,28.67227744543125,5.843038468869886,7.489078184196027,40.32546204341657,2.964198536947702,382.9131361242215,0.18689443889257554,0.8958574012348867,158.97476264058463,15.954582620718554,4.36322897513225,160.57190226331653,72.53664718820151,0.49626218501499386,Healthy
368,28.037777202345385,5.90134814798443,7.1266928163707215,41.26705136827583,1.7926420424070533,379.0655262173234,0.2713300127521638,1.2960851805476854,181.29628053360545,14.818346959788292,2.696373927101999,158.1368657661053,51.98528282330013,0.3720128194695605,Healthy
369,28.293028295646494,6.2902531272073965,7.322687099523396,19.09033569784802,2.383475560051341,492.78538690767283,0.2980577663807594,0.8419661698517382,153.10057615974654,15.734676491933438,2.5111138809563087,160.79222625651158,66.79121077590314,0.3255707625125486,Healthy
370,25.6809706484336,7.91224544651962,7.146078914389239,25.89185712045415,4.735811620006938,548.318440199125,0.26572782234590187,1.0988354644733387,188.93083343681045,12.389342149900038,4.588940328444083,176.8075030461344,70.73195805064742,0.4083727904521377,Healthy
371,28.073530522776828,5.287663327007141,7.430821576030631,18.94295331514064,3.3441018220633323,399.01538023769643,0.24070678471288076,0.3829334224539613,110.31113229458899,30.384301850902517,1.7577534664507708,161.8675340710666,72.4106120342161,0.5229092376358642,Healthy
372,29.493994873736348,4.542043306553856,8.184683392056938,27.850789697112646,2.951712703509399,486.67093628411874,0.10656474836809066,0.8473284317881309,158.15832804733117,21.800579500901563,1.874412885968031,212.49935051753553,73.1214059899128,0.5644345329375874,Healthy
373,32.353430823385125,3.8448169263825673,6.951239542827458,26.919657158142588,3.6600182258527876,283.0378385118345,0.4241113057935054,0.4707895043086801,136.31515198605732,8.777287499576385,1.9037796751314349,221.62212295429165,86.1889459793067,0.7486082244299401,Unhealthy
374,30.87781247825562,4.622883952069698,6.854575440849303,37.796605322693395,4.001782736167545,403.23058154742404,0.46686359723654625,0.35692252174042965,185.41353391569163,16.16434043713449,2.932128618300518,145.3612947690506,87.74428426687581,0.7589214919708581,Unhealthy
375,34.45954737253467,5.460247632551443,8.088468130997443,43.10308746119608,4.617398815902461,447.51528537032783,0.048080956705277705,0.5781885777622892,219.7778950203563,11.959969285313381,3.4316316296375975,276.263919560422,73.28326346075217,0.6599411475392161,Unhealthy
376,25.697957311335852,7.653469436221345,7.416270529139253,43.95683810789956,4.948499229892926,377.2253266414533,0.12711656909363445,1.157569800324072,205.84024748458205,9.92760136646293,3.7396754681178335,141.19626188956315,85.98484876051819,0.4938173118304897,Healthy
377,30.616961910162033,4.878866441156594,7.232370904536033,24.37831973421698,3.1402313542109144,375.0794900168323,0.21642275891475926,1.0850047486008938,85.13362556564431,8.299639644380326,5.571995317494968,102.93196317107977,78.57661366631089,0.5587401585539724,Healthy
378,28.550026017215057,5.768545541966678,7.91596187495843,27.90778126255472,2.1739523139179617,396.5776354824891,0.13425546461077703,0.8729014166163199,261.6827861171152,17.16108345379627,0.7505675457992362,222.8466842819031,75.64505972862571,0.3518329940677903,Healthy
379,34.56940879965302,5.480292524712698,7.257753784105255,13.165618077790498,3.086534838876724,473.3754182661099,0.31071586641470383,0.34018983203302083,191.81119762483473,11.593098824652131,3.608735589124417,150.9555119351396,84.06544157109964,0.4644619453096753,Healthy
380,25.575105143934547,6.9260719281377,8.230403885418774,21.94129933503811,3.760280506582886,435.01367852749,0.16260733571120645,0.741115804583619,148.94003438028,19.839130120126022,2.4428694274277687,219.2774882454433,75.72252048237915,0.37192578147195926,Healthy
381,25.480834473457673,8.532318911048346,7.7711703485357075,39.64851633097457,2.5362410737893892,270.9415013340022,0.5098067281367923,0.8905100026705207,186.28511675963765,19.968911072652194,2.4135848511112266,55.779883933968165,95.57811177097761,0.2329532598246343,Healthy
382,26.201822063667933,4.862957472495616,7.304835436741719,46.15582823548232,2.542849085104957,280.34398778919467,0.39286583132123154,0.8526608688735794,187.0475929001077,21.869571926057247,2.3802278717461225,283.54735648898406,60.61588833205441,0.6033388410726142,Unhealthy
383,21.62831282707058,4.912672668978134,8.362923285306202,17.65651128120078,3.8437878815498854,401.45078577142596,0.2755088836758658,0.2468619249557763,153.32605132193746,10.738066169629482,2.091230329192027,240.33760448242413,69.84829100907982,0.6031416088684268,Unhealthy
384,26.422734934957717,6.7529930524828865,7.257714030798665,24.075357408471056,3.451347648429549,486.61492688428416,0.3732383515983679,0.5329046455940385,187.91666669368303,17.376828053460052,4.684524834603452,109.9714070502199,73.73481103046049,0.4228986931917837,Healthy
385,25.722602015338907,6.318269787551573,7.796838148803722,29.73594243041073,3.5327969954115863,230.19961258198123,0.3827080509228771,0.780776670755385,155.70110849518773,18.162271083211504,3.8422973270139025,111.27337256922286,79.3945269045799,0.5003940262379982,Healthy
386,28.451181359428624,7.7160487908832405,7.619717032162597,32.80161158819607,2.7415046652999306,410.02158590786956,0.18232630143301082,0.960887272855157,163.8255202923991,12.629109124480175,3.023195978557375,300.33595424585167,87.67960487103089,0.23684029257291506,Healthy
387,29.025267927331477,6.200713822391156,8.02069651575952,21.90396480078354,3.2695992857942326,407.9001714786063,0.15205393065496425,0.1411616536700161,152.5488345697966,11.141140213035625,4.351015752487,155.7572057901225,74.75601432763844,0.3950940855625919,Healthy
388,33.62851251764766,5.068849491055529,8.124604478690742,34.24061044464089,2.5757668557316955,561.0670222566758,0.2593771675563577,0.7513628073560426,122.6931484104139,23.047603328879866,1.4874710347011244,149.94890907604258,60.77770350493793,0.5369053852221004,Healthy
389,30.85127151455815,6.208785796830771,7.512801659626307,25.261606529290837,4.3901984111247865,419.19825506297093,0.3533963349397533,0.8429146309636858,185.83345880861535,16.13747937866027,1.6692948686690738,64.03687435104302,83.42513896455004,0.5694373826333148,Healthy
390,26.26928903301279,6.830444296699489,7.198632851861527,29.85547729121721,4.535249334723753,480.63911877927427,0.26668724783841014,1.054883596554864,203.41197746065353,18.17983875355869,0.8220322678053122,178.95330766390674,82.54958766141965,0.5242840486593785,Healthy
391,25.304755985954927,6.484578617436837,7.683988857175646,35.462842480037,1.6538121377619062,461.30057120699706,0.060760422137080355,1.0078572752712311,200.59534384305488,10.889619940860364,2.3005854598767126,186.33682310985483,55.58141340620594,0.2543541967326245,Healthy
392,29.47575751451952,6.108728837328758,7.228913852099158,30.06422269810938,2.5704891398075898,279.554681615424,0.1536610667258989,0.9747713956426416,212.79701010540936,8.903577667389031,3.161698526704753,242.92958580616911,74.96195866329201,0.4122723397667826,Healthy
393,24.039300378938073,6.780009627506985,8.305354899010648,25.636141094734313,2.003470744909921,511.456577330539,0.24112325636867463,0.5600178479894198,192.97360840059474,12.152751127539448,3.102858577932334,116.05529430893147,59.09858169319702,0.24028230112123977,Healthy
394,33.494376297563065,6.9031547085348075,7.554614132433095,28.903901960741692,2.849976065593102,467.23172043650305,0.24092012748090036,0.22759935886300775,158.69098007132385,14.379893063050014,3.1493419110598806,108.78279246556343,68.35348902497938,0.3422856389966729,Healthy
395,31.538320362163862,7.158590789245032,7.353871379475157,29.116370407946647,3.416562030209639,490.6614911739672,0.48670506121477697,0.6820841728815797,213.58655457724757,9.678899965913256,1.5889431689339182,227.05775808658862,65.971910730372,0.4129898194591695,Healthy
396,26.592473043685885,6.278451865107571,7.573872122345963,26.299889701178724,2.05035478030147,764.0990165149061,0.08368144691212023,1.100489547562568,125.6992984063226,14.950775956748085,3.803154742614022,260.4038042736239,83.09264698241986,0.27351760843757583,Healthy
397,22.860596412727368,5.299458303619775,6.961149484188121,27.412039373328977,2.5781401868746867,283.2709648401129,0.31067070902030497,1.2180363582573295,143.97314469950078,6.557474059657499,3.239627518238998,105.73085893292702,76.16830174172183,0.4751879565450923,Healthy
398,32.06161712249624,5.676056423719987,7.11135438459574,45.986471705047165,2.4960426279185013,587.9757319808887,0.42869357299939476,1.0131647306893357,141.43199714307022,9.399762887650638,3.7330542814659986,264.8908451779845,62.144089992439724,0.5114488739689683,Healthy
399,27.656380464242147,6.947810759810028,7.980165563177771,35.60919447941239,3.707267329398944,427.00419844797153,0.5225739694507355,0.9288022468405204,223.2022423655724,18.354556241384376,1.1072378224099482,202.2525104892093,83.80065962957342,0.5002185700325633,Healthy
400,31.713448935920386,4.5196771948153165,7.237242288411442,27.045196819708398,3.5693443370362505,472.98631235224076,0.20147230921792464,0.9138918945157897,217.71154056560303,18.018952601389472,3.31149085879779,265.50832034447876,60.661941760715855,0.6244202393709087,Unhealthy
401,23.216717023616898,5.942407970647482,7.081235606927224,36.969544045107355,2.7782624466627466,446.3590203759006,0.308971534326424,0.6331643759717659,199.4922094817998,13.040616173065668,1.812234760082473,195.786778308943,78.30113790470944,0.47916696010070964,Healthy
402,26.201874931138683,5.027993425207168,7.714661101010915,26.6618051024399,3.676820872139398,416.0610933281565,0.3183712428638376,0.7609819119339141,222.87719460847188,9.911178454615236,2.6026767474486383,48.663324950722966,66.85989330708445,0.6216828966036779,Unhealthy
403,28.01573109915455,5.534493787521781,7.974281661865199,41.73124637586641,2.9533199154127345,404.4133657408993,0.2734578077863949,1.3007208577478995,144.82868870352047,9.862982242369945,3.534364898636383,190.88195706103767,71.3432291746948,0.5421459721747905,Healthy
404,28.140941781294227,7.034142235128758,7.787581324266027,33.69642192198094,3.228344889673947,476.3606988458407,0.23813857585128329,0.5172325982624372,193.94380479443922,13.13365877029343,3.0910936062559133,263.6086291202762,80.04270748038384,0.3738619484878478,Healthy
405,26.649803585562267,5.729318881623884,7.898419074322327,28.92697855995771,5.173452090298537,328.62610426626566,0.3023170467400055,1.2844336372129554,174.99302286467343,18.22259245822646,2.148460020220681,146.37523885497714,80.21449399059529,0.7028204187329944,Unhealthy
406,29.868549797042498,5.555723857787378,7.197281964572216,34.477169258102776,4.8404610517903475,510.04633340174126,-0.053869530226362206,0.7033915536523825,213.87528415539657,19.641228456721624,3.0062731561844185,176.72210186555287,88.3696907355596,0.6395301253437303,Unhealthy
407,24.797138711852217,3.868172630824097,6.931275733303263,14.291238479315007,2.2004187630724026,416.7044476091797,0.33184833880751574,1.1976296327285236,175.3910306979121,12.517341322590156,1.468464684756357,189.4319897869413,74.17746300328547,0.5377539137314252,Healthy
408,27.57286154493612,6.395504279232664,8.100533460782195,18.73232531090195,4.329732417879175,359.59445287677136,0.26514134843943604,0.37795549715073856,164.60228446359676,9.232537870076081,4.150267395898296,26.029167207891078,78.06450862963341,0.5069087799603882,Healthy
409,28.360886895135696,6.27458101736929,7.370928064463146,18.060749936009444,4.311396554491592,413.9989713603349,0.22330301238660816,0.9757712603493948,201.6363407424396,16.339218189331667,2.794715980503749,300.28085452624856,70.62262677595675,0.5014447450974603,Healthy
410,29.543316502176246,8.095905667966552,7.399666793417981,31.429430947637066,2.3517367112473817,550.5719373490058,0.4956234634863469,0.5789689592157135,215.04676668764932,10.882325146870752,4.118549944255326,145.91745920616953,76.81989882622797,0.21683918023744408,Healthy
411,30.13484463426667,5.130666118056399,8.031277656739624,47.32514999485092,4.318777643754861,407.17319303870215,0.16900791774513374,0.3754198424227438,153.26619220612793,12.408736805693987,2.473468312903957,230.34412594836795,79.39486048008511,0.6943009451208761,Unhealthy
412,24.626073724486393,5.7629803931967265,7.722492003760264,52.31300146192632,5.037931918412553,478.6762894567696,0.2016308813121963,0.8655602127232838,177.55697314590495,21.626380452185188,2.476424011593417,194.79793183110746,74.01690152545623,0.7618675395466744,Unhealthy
413,23.397657487793133,5.799260420452907,7.682355108832643,36.380511014407574,2.377455193755586,391.5234979427621,0.4889863962645681,1.1028415365787907,137.6623746543339,19.13557714282884,2.2358132133621536,275.4571433815616,56.96249515907503,0.4709563501969984,Healthy
414,31.83303046569553,7.392943935716169,8.366000937960434,35.00844474944457,2.5824971789857365,510.6337479938896,0.1501526434180172,0.5465175684219512,80.07755930028242,15.789871561257259,3.8761739316930752,224.36336734568485,78.31470896330896,0.27464780569275166,Healthy
415,28.996942035938776,5.385645361135658,7.242592707847943,11.98942265847261,4.517661466843503,504.84061910321634,0.18398616604761533,0.3502952118624797,188.01838525654915,8.640404994436386,2.290568842671524,185.90454370874153,78.64561477355457,0.6040306940820017,Unhealthy
416,25.75454039033034,5.834825830924407,7.871136051232495,24.57326200265978,3.771495310825648,597.8887066637129,0.232356949188298,0.7724465706995135,204.35621425018527,16.056982837353296,3.6445954324151764,146.3890944488432,68.19826523652048,0.5108582223300898,Healthy
417,32.65345592656757,6.229475811659847,7.522805249958834,22.12216248091761,4.051476275239523,435.95488436006275,0.3508881378555459,0.7737694013668457,190.48267236346902,20.313286453937632,2.61754760233071,247.87104208292834,62.15612963927486,0.5170161397063543,Healthy
418,28.347023902878576,5.72393094778763,7.607436911545303,23.79152401748884,3.8405892164004967,503.49238438063253,0.2749363008823976,0.9644958882663497,102.01753128982531,13.121831671172322,1.0240367001083803,87.593521762723,89.75879150503965,0.5743984836484568,Healthy
419,31.53789155219148,4.964279662539366,8.111387370565012,28.318561814152105,3.890695920928144,457.8454031631156,0.0948849583417285,1.0848783714093466,165.96602279694102,21.755570449933575,2.429685932213534,238.75342521655355,79.91445510894403,0.6273299242226174,Unhealthy
420,28.202555444230327,5.732907991477969,7.703134302515849,25.27909422302873,2.173527871688917,553.6697425490412,0.18613977242473725,0.7821754456182518,91.26608959795675,21.463726447591036,1.8208917856371518,134.05731490670763,72.7091896907829,0.3642157976801586,Healthy
421,34.18224377464596,6.7883580998317266,7.7153184316198535,10.207001896242122,4.547317706621448,392.4934089913016,0.17711746801453465,1.356650994438279,234.7880443061674,23.31866416071737,3.0339027236823375,275.1370197173984,63.62967116852513,0.4484398466540812,Healthy
422,33.26602252732961,4.268181640706728,7.929002934923921,37.47910256117534,4.669589992427774,509.60042503018246,0.24073347457323452,0.8672704233605876,136.55781671527654,16.526215632656765,1.8095922643255098,209.6779725597617,66.78185171578654,0.8141452361030541,Unhealthy
423,27.253107554562778,5.659563608976251,7.354018908182846,19.272569742601934,3.2706092559319724,434.4242163106655,0.3011012390355795,0.6960720481979301,230.21614437839585,17.936958499030062,3.925975100714617,238.64742607100652,88.02590396786232,0.49119839167517065,Healthy
424,30.914712852863065,4.659855022072993,7.164316133064397,32.39246864111149,3.4565230501861377,444.8649458313202,0.3001846907065566,0.3165297922691517,217.83478574736583,22.070936441655448,2.908924139646973,204.91932882948316,76.37661940868045,0.6446312232561668,Unhealthy
425,29.936127848755444,6.934055954709811,7.082076322391586,50.740826697499735,1.9688924974442779,457.34019875586984,0.036878589514191734,0.7212021439051497,143.97638589855754,17.236969685344878,2.822404005241261,94.8573742915402,69.49412932999293,0.25667541741876876,Healthy
426,32.105894672597046,3.6721757142594704,6.713457364249599,20.806154084135766,4.014254756017835,470.1792317141342,0.3776729185073027,0.6990839163766591,134.68860194929022,12.493829461048936,3.655892137787583,148.3562501962797,80.09689231224657,0.7723494452100689,Unhealthy
427,25.105229618259685,4.829293783274094,8.32248285197613,4.697124772536704,4.072057441714144,440.70167655024335,0.2803082615195948,1.0880914388844412,194.01480865545352,12.757285817360692,3.9639069340758626,240.34336025668296,66.85601812553676,0.5995020907776616,Healthy
428,30.05815437999532,5.952654250077425,7.058716653711326,27.13995778119889,3.437808983000689,467.17705465364213,0.4161438457112687,0.9387450872200562,146.22703851267715,16.192774768868695,2.979901248230348,209.99934904159065,90.00843030280379,0.5126010945866389,Healthy
429,31.175273460548762,7.378628835081209,7.411498550565692,41.00959634998571,4.6243533598705024,576.2494446049748,0.3033037992748806,0.4461892635102149,184.0993856863283,8.547192890268906,2.2287997004507094,270.8593943183403,88.52800534896726,0.5231537849268068,Healthy
430,22.723781540730656,5.421099686712415,7.389274680044432,49.583474542205934,3.1659227690200593,528.8359748492175,0.38215875492829143,0.8516763159233113,160.68689636772328,14.283705423179036,1.2260303838878706,224.1964737822303,70.33425928797223,0.6089145246873531,Unhealthy
431,24.450224462002673,4.833760567968162,7.62296267912364,17.70450405547583,4.0646059258936,519.5323673997517,0.30598543737401523,1.001459351518716,108.75366342137467,20.48273559115127,2.31395024296482,141.99788655784042,68.7132975296914,0.6395033820995184,Unhealthy
432,21.882303466719698,7.7573884833287075,7.826294885015718,34.966992232365214,2.480335661307884,413.55683791809037,0.41154709074432977,1.25840940781635,90.78127923502164,4.043730744173594,2.3827877533520385,152.23615173676197,48.8186680130772,0.27707027031738907,Healthy
433,27.191779496666328,3.762383319500507,7.844189395343898,25.346895432199467,3.476447849125762,378.86073374173407,0.3126700763221334,1.0662511902242178,189.06736993978387,22.672410508972575,3.1070574529922967,206.17504343139424,60.18419228448632,0.7265326277016758,Unhealthy
434,30.152626767387886,2.8614328520559016,7.266769024572425,28.940516456958644,3.3256457420971643,526.4240446590202,0.2382501704268515,1.0282539962934434,157.537690146775,20.6118710935158,2.654853118861973,61.15735603999369,61.60530225042244,0.7973710049581474,Unhealthy
435,32.507071156288085,6.0280173400639985,7.4331513144854355,56.44343347017035,3.7253079220409417,520.0837434023836,0.5226921664536258,0.8180257983845491,157.8764073234347,12.701176920847619,3.6879329720514282,300.4065131373791,76.35190340987386,0.6759002570490119,Unhealthy
436,28.222284341259325,4.8975349307768665,7.61303198019532,14.970296716048468,3.1304730711666413,567.8136540600785,0.35668445467358706,0.916493601627035,207.8345535637514,17.716954139359046,2.3870167287293107,226.50480418265343,71.7376629555864,0.5517574925116878,Healthy
437,32.88584663671388,4.274520619443145,7.400523549526581,32.537396614945735,3.368527404328332,401.6815499224616,0.31884933052052955,1.1748514702118475,226.9376910652978,15.015738634531633,2.9429588331470584,273.62207582293235,61.54664512584759,0.7012579532283472,Unhealthy
438,23.859695625355325,6.350027736759224,8.142938230407998,34.676931717654334,4.326047171441506,431.63610757117226,0.0968434700153997,0.4001667807561051,169.09821114552764,21.149951842193417,4.183987443196889,105.16376355144986,72.18835957535443,0.529981838610888,Healthy
439,22.889852681934535,5.792560856525439,7.696389980655301,40.857863249393475,3.0632357627617823,318.84126699796525,0.09540308590437549,0.6951682018349132,166.37605172360554,19.913415713849705,3.3418252139549667,274.6739096213154,80.05337147647349,0.4791312974152604,Healthy
440,27.833356903310143,4.823105643115926,7.793951114419927,30.979831534708953,1.8934228992613207,418.60231151513017,0.2851258578570224,0.5682293753731278,200.00572132455534,7.999646384084954,2.9399624583114354,333.88993466166494,80.27839349915587,0.45495481321963455,Healthy
441,29.152196346817924,3.963634721594927,7.765152507466965,33.08050539504102,5.249583904205421,529.7256408463558,0.2674625437321889,0.9137459356178372,125.72257721201699,17.936312067320884,2.398055558064823,120.74729867736094,56.00329719141119,0.896819277765541,Unhealthy
442,27.90191575571772,6.546948793936173,7.96938954299413,26.08351432578209,4.881454078690487,412.6803696617442,0.17630529219900204,1.1690666526952362,188.9261221899079,13.971860731783762,2.366768603285023,246.284107694226,73.71736519516169,0.5680225913436909,Healthy
443,21.79767369988037,6.280241413550393,7.572408623481483,32.69126941245107,2.2077373048943816,501.2383836160659,0.2669179239534472,0.6209077139836778,202.07543887288617,15.414162852590499,2.149386747048052,200.0665966812376,61.1665922302839,0.36713491893012523,Healthy
444,27.732639881461633,5.38098896346474,6.981267220817662,26.568077245025897,4.189707805245194,434.7597515201751,0.44063523136523153,0.08290868975916865,207.20920833670516,11.359140495150921,2.4589931342171005,107.33396910510534,84.01728697140274,0.6717850528166194,Unhealthy
445,24.08659149848544,7.715964395257199,7.659875180701056,36.21571889856051,2.997025229448657,475.92456225772486,0.33344829694603584,0.676333776492659,102.5298918999014,23.740685345604177,3.7556658387443145,229.57303831111219,82.84146416353498,0.2952850593302777,Healthy
446,30.009017646490115,4.2158982804086165,7.239457242483269,26.30389663956366,3.7634872153310597,358.1846888147466,0.11307897882967141,1.0740421196052221,149.54578920764237,20.20030909951288,2.7781117287077315,250.0161922902409,66.01972773675541,0.6806717245240077,Unhealthy
447,29.099794738290544,3.6693697948903132,7.2885533273000975,33.77100393902187,3.794224129013494,456.8167559707121,0.23661894074284676,0.9612889708849639,144.86946988706134,11.301144180135164,1.650226930618769,163.9324068398692,67.339547975996,0.7602404567523996,Unhealthy
448,25.180360641017934,4.669710316142507,7.734545607502037,29.707371863150218,3.265592199683678,210.70912232794214,0.1534040222976927,0.9284558743431729,183.99547817636852,8.326946965448837,4.768169293059783,269.9549912153134,70.38732949501693,0.6016094825932957,Unhealthy
449,26.45839924798992,5.445296780373402,7.995313228573455,41.26050250772168,2.7162343344136035,435.0483073470412,0.20347601003097265,0.7160020094376561,199.22978319071936,13.07163684511076,3.319965191145163,99.99419559264814,52.47206605268661,0.5031740867544887,Healthy
450,24.822359434333144,5.79200733918723,7.508508630694425,29.486062764115136,2.8094589476837406,319.5621405027888,0.20036612012444288,0.41629077913406415,239.86841629783925,17.17251323045653,1.5930565994868306,110.31463121302136,78.35968173440577,0.44763922008223783,Healthy
451,27.811962708180484,5.2105167305724045,7.623533205039585,12.269675317931185,2.5838080845187577,546.4795613237453,0.19268253008751937,0.9545882964873402,160.20138078527708,16.201029219731115,2.558151072759176,208.19584373532513,72.2715545365987,0.40313176952800944,Healthy
452,30.865426961503715,5.922466475817156,8.180885977854095,42.619215007139914,2.6681777917695553,512.1925882211609,0.09938375536319263,0.5497154569896125,160.09710006763146,21.26566412384122,3.1108863828284177,201.5231166783363,84.70175082567859,0.4487526725788748,Healthy
453,25.04282186099337,3.998152690971467,7.5963012717954275,20.94267699137381,3.4328217099506446,487.3336785572865,0.23468143821781717,1.455229020014137,225.98688075514988,18.94959861090426,4.704592093297377,157.0055906945537,64.01590782037448,0.6497813006724398,Unhealthy
454,29.512139546553534,7.232517524887911,8.540673245672158,23.462336613511802,2.784240010889248,571.6804981727504,0.1827270835783228,0.9711521625063548,191.8630775412122,19.847845128764533,1.8918875417411307,248.57566615831314,68.80877051750068,0.26031113219948177,Healthy
455,26.409227144882678,5.401418585928917,7.726203858252617,24.043387059565077,4.18205206571262,374.086678334013,-0.10153384280027217,0.6258055092338147,230.70606044751895,16.634277003052187,3.9760407193559466,231.85365885295695,59.93474741960885,0.529939500936894,Healthy
456,25.621381503212966,6.840754997905753,6.795694896337673,43.74438093170817,4.987246155335927,589.7890558332447,0.49635664294019954,0.6165844257834115,191.54912012039344,8.05350634894505,4.399486426972343,251.48834425604096,64.95709436505747,0.6463481182824722,Unhealthy
457,27.678908920136326,5.911270415653245,7.801336648441813,8.643257860213044,2.919946758629957,524.5753251408307,0.38065235850600065,0.7721167380159235,133.71533525146916,14.021507344265492,2.37134569492543,192.61181387886396,63.18018003931781,0.4065079038763366,Healthy
458,24.89427303274188,6.048103862984541,7.652463353953111,61.37748533659994,3.739404500535377,431.0755770224843,0.20484391300900048,0.7281494233934751,126.67486580888774,20.300448699543328,2.7224863811397664,236.15481607870043,84.95973678846445,0.6367307482898448,Unhealthy
459,26.339052083958453,6.183720736278644,8.015901101633098,40.56056809066052,3.999685110302934,540.8496117746355,0.2522582859688718,1.1350501326589864,117.93951003764283,14.74238535737677,1.9636907526262297,173.26098181820032,68.01738151248608,0.5971723405672407,Healthy
460,24.406366322233453,6.037250272020778,7.769272540507983,32.2323891412916,3.9720022709192744,361.49651900706925,0.10940147832189259,0.8559248509232139,206.48207339033894,17.515451843118733,2.7965388589196953,323.22912140519577,76.24175684744614,0.5257099618205475,Healthy
461,33.89417539874917,6.2712673118410525,7.44461760640649,29.451059993837138,3.5759552679160875,384.0388670777861,0.4534867453373038,0.5805104783274416,227.5438729234803,13.406258423769334,2.963410025657069,151.24725379268085,71.19236596138195,0.5325706971617766,Healthy
462,28.105790655915186,7.094983036158918,7.010280705484254,32.85554074857657,4.242682418359722,401.312822140824,0.4776746433727734,1.367132205546735,253.97448565545523,9.850940757290775,3.6596499980823705,326.31784576749874,62.30534733987187,0.5240555266072608,Healthy
463,25.900823476022243,5.735825403641764,7.41639069708559,35.211224283793385,3.9822489526806573,407.6817833548788,0.26880324738958294,0.8147924994560668,213.72421329292962,14.383279679769448,4.090183471020447,202.0932768253645,73.31699576828358,0.604143845728527,Unhealthy
464,28.641939732202665,6.350804509106215,7.15979181831628,36.45215585950057,2.262337577672702,365.47538857917976,0.37282367730224136,1.030651902790669,226.51354310139942,16.54523721516327,2.251903935378353,117.46934662587545,80.99103331863594,0.38312827255542226,Healthy
465,27.66301585092751,5.392317166855328,7.267790620078111,35.55604466003449,4.369156064389273,547.846645367626,0.27103441347207086,0.6175320477665722,156.7993466938526,11.721561402692782,1.0326749357740055,282.08476102931604,62.92240607456648,0.6770817239381777,Unhealthy
466,27.33709120140033,7.228140658539367,7.735431361768244,30.89580681255249,4.387290837266742,429.29164797041346,0.08959294733488832,0.9089346883233571,133.74336733024575,13.821443775716657,2.978755220723758,207.55408330369755,83.09112790731379,0.4426107458565044,Healthy
467,29.842500100130277,4.688329237528876,8.167961801740562,28.026615796926738,2.7367138958214183,478.20039746855036,0.20058119572436112,0.8933329973429586,214.00317329670213,10.302683790070088,3.2935375299686407,251.06744590281428,66.50279078522304,0.5346987606105325,Healthy
468,30.272523130141916,7.661128519492978,7.657868611929192,28.48726716346488,3.537937835447602,404.37189068690554,0.26583135601263486,0.23310521237115422,196.70723008957603,20.59622458782048,3.2494176876850416,273.4313551125556,70.1701607392716,0.33344236488712126,Healthy
469,26.40849655716842,5.451810459226788,7.021646775185927,28.05091719647319,4.183328992811069,304.35173595611866,0.1954542737507867,1.404582533138192,184.2977749736357,13.52772121205983,2.673326752490956,220.27733324870152,80.30683123010047,0.6086249769961454,Unhealthy
470,26.27254527806596,3.7830698774583422,7.677841067288056,41.337700968670646,3.2906861804206384,471.60458867131376,0.22376160670779568,1.187193338276764,195.4948592253196,22.263777725630916,3.1247520996639344,164.46554931123111,68.36563842780512,0.7475844288252104,Unhealthy
471,27.17484490854507,5.653725297892947,7.978652594658261,35.935567222808615,4.572978047766012,297.01960196641784,0.23903205309890627,0.6808414051562037,192.92741929832823,22.643739252704542,4.515444808352248,258.542802660155,75.37574859335865,0.6531371191566231,Unhealthy
472,21.094236505793248,4.682738011030143,7.256086838272247,0.5961136533571967,5.863872494619361,444.5092763131625,0.24029458025614464,0.4693190778632434,231.35267439414247,14.59477017639128,3.381734168962509,200.04533044727575,71.85309171211908,0.7741456248858739,Unhealthy
473,23.454426813404343,6.508772258786469,7.446393133330833,36.55900776529761,2.714013967365018,340.5347968933752,0.256271018859698,0.9042684841410656,231.79942339267825,9.957756337263252,2.6266315749969156,241.15146911650515,76.29368006703818,0.41262778128932076,Healthy
474,32.100622802333575,4.716851224837131,7.505875277891679,31.947361947187748,2.118955396846225,608.9820799384646,0.1227273920324079,0.826009309824319,201.76881409361388,4.570510611333313,2.4998021829040042,70.77616557251233,51.19260894476503,0.48406492198639745,Healthy
475,32.93490314050385,4.9645798801422645,7.186040674767104,29.812912435541026,3.803818595604876,522.9090177739778,0.16395806210464764,0.9067006845689689,213.83211490251713,7.639814634866042,2.8301476423222693,226.8189030205911,56.70318184791917,0.6335038119305827,Unhealthy
476,27.252891881330864,3.2325511228653627,7.759312173537544,26.114815469111143,4.221562505126143,458.46030330171845,0.0958498881160037,0.8574732188582269,200.56250209699104,8.1308258755067,4.6367399618306395,161.6848504912982,81.15967006046839,0.8125717663544704,Unhealthy
477,29.7296708891673,4.957232416901108,7.451620740556887,41.24112719986013,3.269133626155231,551.0965342123735,0.367337865962344,0.9518722967917779,161.55321071861525,21.892348137307522,2.8166992904738026,299.19857823071186,85.3718140564905,0.6495528355747698,Unhealthy
478,28.93375046363061,2.591344808045252,7.667812977562811,39.475264621228575,4.953260663321034,382.29472180274115,-0.0026776330208389543,1.2341917098175421,210.2625869965256,15.57912293613473,2.980205655479292,237.3852408733457,65.89513296468479,0.9876837561593509,Unhealthy
479,37.236642425365716,3.599316611817132,7.14500312887916,22.27122332176391,2.161394200276751,493.47835029360743,0.38843084119803106,0.9704309615385939,124.22019724562954,16.948022620459938,2.517686429063697,214.3914647509578,72.55971647828866,0.6275446764705452,Unhealthy
480,31.35872473430373,6.4124975873731564,7.325016679870636,34.07052287124535,4.192918623031611,465.9848346974971,0.41636192767154123,0.48510335032701773,222.15566209183532,3.89789495532437,4.0989833574419645,229.1785996010133,77.94719252902301,0.5578993149774605,Healthy
481,27.6162472255577,6.442960190380998,7.788952543131108,20.283432654587138,2.8941391792411064,471.1216065066936,0.21373832956208544,1.2087688558137357,132.2190824093586,9.010167853913693,4.959837254744675,140.09354882739692,81.93217601658704,0.3408715032989045,Healthy
482,25.133378678198724,6.010549074141958,7.350866739163293,16.203818352110694,5.2193779062072965,551.7882800085414,-0.06237645053927582,1.2921843690464863,191.43213147178932,19.435398882231436,3.4506130494313885,297.39540143168324,54.723227283291514,0.5784239359131915,Healthy
483,23.18066103922728,4.339628628244944,8.190785540493362,23.73282775410035,5.492515353168118,508.59936822238416,0.20664273256392512,1.7456170203536254,146.19384166295364,16.433870561912933,3.082772903785426,319.48222510501427,66.13959753021624,0.8406806355730334,Unhealthy
484,28.61039090760167,5.442746372629625,7.340145525754159,38.62393472382759,2.733343412216652,473.0978930260019,0.24229790064534168,0.46295179002812065,202.13555932297706,14.263973606572014,3.0367828331742346,223.574810632893,71.67420620150125,0.5010372703534015,Healthy
485,25.73094776414709,5.495676953091318,7.589873890300755,39.53125045376087,2.95044286409142,317.60900510173633,0.1287282136085304,0.8728646039450826,178.64299096288366,17.824211793000615,0.6156932112142544,295.4242141144183,82.0314019723605,0.49177010546790817,Healthy
486,23.73323887120698,4.1099623729689485,7.873036332749236,35.130854200972934,4.359587886979802,373.1962963776429,0.18817379274301088,0.17537038904330393,116.2097616734667,23.178989030679077,3.7451508642848172,165.851108079648,99.98430483721495,0.780773277598786,Unhealthy
487,26.060281347272422,7.304077962120581,6.9326537068267875,37.25095786847997,3.1128693502104854,440.1832853123421,0.43362342386360214,0.9659447469137628,196.82798524073917,13.894787682314748,3.1341664159958436,152.17318602650116,72.71994273190282,0.37696132683988476,Healthy
488,24.755355989156815,6.552834748690806,6.7956764752076895,35.16178287114958,3.454588782067762,457.4697899421321,0.3297912594762089,0.6355399105499683,156.88316892669158,15.346849013290347,3.428342050660725,202.45548492373538,60.93022537896012,0.49564022338037084,Healthy
489,33.06142490521769,5.2348429914044035,6.889737474171962,23.585184047770476,3.52538842054241,359.5837020260861,0.139052306274628,1.377033738447486,215.24586883253477,15.962984593656525,2.2885378059162953,226.09646230207392,79.02268077201298,0.5374143689498879,Healthy
490,30.64491927084835,5.532263006793437,8.005033641370872,34.31922544673941,1.5803268438023437,642.9341340462737,0.05828809964854814,0.5676155089944255,180.05302754937628,26.96054817636996,2.6155431210229083,176.36079912541277,88.2099578954071,0.3286056872373356,Healthy
491,27.976082076050147,5.7500593695370625,7.279256741643021,38.00409525227683,3.486162253905763,571.3115244202859,0.21075792188682746,0.29324508860982157,195.8168394155215,4.503218677904872,2.588975063496827,232.266091422109,76.08014120979502,0.5507236943033669,Healthy
492,32.43983241667008,3.0499181578908514,8.5232797142673,37.542913298135744,2.810272225935826,498.1694656313987,0.22438518647794742,0.6586208777892442,141.69724179939152,18.41611507394404,4.021622984073039,218.38336892440483,65.93351454845707,0.7619568527886427,Unhealthy
493,28.232104922942856,5.203387140975284,7.274300960537045,41.88913371474643,3.006877177600228,455.7629489026996,0.309543902483598,0.20735366863485882,156.42671074290553,14.425988756204681,2.621240163396907,140.1015934825367,84.5799394148002,0.5945523212115368,Healthy
494,25.41614739601521,4.681618902402642,7.573820521278815,37.083038472010635,4.943632003468814,433.02328240790786,0.1857619944918809,1.025329836352193,161.65445455595662,17.833858630920897,5.082660322109797,231.12758104710326,81.63545618498435,0.8047636869322031,Unhealthy
495,32.56937223180897,4.298055988126102,8.11684398102715,33.51448207541583,2.2434931057207437,373.8465231982211,0.31137994904342337,0.18047508612310392,214.26809920970223,11.713137230026378,3.430862419015037,251.81169455129128,64.73919155804376,0.5648868883523993,Healthy
496,29.616730131053977,5.162679648536854,8.302437155263648,40.701502383164275,4.313205186747977,456.198441481509,0.4822184848072275,0.8085372743549477,247.09508351221956,14.75517484570775,1.7243173400042684,210.28815905542345,78.81425617534342,0.7502523340803671,Unhealthy
497,24.888261537020632,7.657223832219427,8.324601430654559,29.734787407509398,3.2210370696681916,470.62020321142006,0.3478601226933115,0.176656454043141,147.79312993028495,18.557052897327477,2.871453706748043,269.15888619570154,84.97265567658873,0.3311297222851061,Healthy
498,27.428983965749175,6.2690114335204115,7.983346492237257,21.18125348772282,3.2202398315041654,350.65915396147005,0.2442293791203073,0.7039106586390075,223.0739257863072,30.564551005219204,2.3483248778435843,126.95577239018289,86.81890042558894,0.40910024833581754,Healthy
499,25.373145239845726,4.814585212260644,7.909625010324585,28.369330360562362,4.290371896051711,476.7341133795918,0.22802194347360463,1.29301344674136,93.21290329097192,19.040180947010356,0.8056175301799757,228.07702532791112,74.33551024690544,0.6927031899882018,Unhealthy
500,23.85160080710699,6.18709933762739,7.737010779680473,22.55097355193551,3.8400512945688905,437.5792760940201,0.20719922389841544,0.9081943674307386,132.23242395630842,10.759672009847456,4.59947094011379,129.7831576161935,71.41920553820681,0.48712599416716024,Healthy
